old_url,path,type,status_code,title,h1,canonical,meta_description,word_count,internal_links_count,notes
"https://www.electrikjam.com/how-important-is-mastering-music/","/how-important-is-mastering-music/","post","200","Mastering Music At Home: Why It Matters (And How To Do It)","Mastering Music At Home: Why It Matters (And How To Do It)","https://www.electrikjam.com/how-important-is-mastering-music/","Mastering is a crucial step in the music production process, and its importance cannot be overstated. Here's why...","791","1","from_wordpress_export"
"https://www.electrikjam.com/schecter-nick-johnston-hss-review/","/schecter-nick-johnston-hss-review/","post","200","Schecter Nick Johnston HSS Review: The Strat I've Always Wanted...","Schecter Nick Johnston HSS Review: The Strat I’ve Always Wanted…","https://www.electrikjam.com/schecter-nick-johnston-hss-review/","When the Schecter Nick Johnston HSS was released this year, I knew I had to have one. Is this guitar comparable to a Strat, or is it better?","3004","21","from_wordpress_export"
"https://www.electrikjam.com/charvel-pro-mod-dk24-review/","/charvel-pro-mod-dk24-review/","post","200","Charvel Pro Mod DK24 Review: The #1 Guitar For Versatility?","Charvel Pro Mod DK24 Review: The #1 Guitar For Versatility?","https://www.electrikjam.com/charvel-pro-mod-dk24-review/","The Charvel pro Mod DK24 has not been on my radar at all, but since playing one? There is a lot to to talk about!","4133","31","from_wordpress_export"
"https://www.electrikjam.com/10-beautiful-chord-progressions-for-guitar-no-theory-required/","/10-beautiful-chord-progressions-for-guitar-no-theory-required/","post","200","49 Beautiful Chord Progressions For Guitar – No Theory Required!","49 Beautiful Chord Progressions For Guitar – No Theory Required!","https://www.electrikjam.com/10-beautiful-chord-progressions-for-guitar-no-theory-required/","Want to get better at writing music on guitar? Learn these 10 beautiful chord progressions. They're simple, effective, and will help you to start creating you're own great-sounding music...","2516","9","from_wordpress_export"
"https://www.electrikjam.com/boss-katana-mkii-vs-boss-katana-3-what-you-need-to-know/","/boss-katana-mkii-vs-boss-katana-3-what-you-need-to-know/","post","200","Boss Katana MKII vs Boss Katana 3: What You Need To Know...","Boss Katana MKII vs Boss Katana 3: What You Need To Know…","https://www.electrikjam.com/boss-katana-mkii-vs-boss-katana-3-what-you-need-to-know/","What's the difference between the Boss Katana MKII and the Boss Katana 3? Should you go for the new model or save some cash an get the MKII? Let's investigate...","1838","16","from_wordpress_export"
"https://www.electrikjam.com/gibson-les-paul-standard-60s-review/","/gibson-les-paul-standard-60s-review/","post","200","Gibson Les Paul Standard '60s Review: Is It Worth It? ","Gibson Les Paul Standard ’60s Review: Is It Worth It?","https://www.electrikjam.com/gibson-les-paul-standard-60s-review/","The Gibson Les Paul Standard '60s is pure Gibson, distilled and refined. It perfectly executes the ""Slim Taper"" formula, delivering massive tone, creamy sustain, and a lightning-fast neck that the '60s are known for","1750","2","from_wordpress_export"
"https://www.electrikjam.com/best-shred-guitars-tight-budget/","/best-shred-guitars-tight-budget/","post","200","7 Totally Epic Shred Guitars For Anyone On A Tight Budget","7 Epic Shred Guitars For Anyone On A Tight Budget","https://www.electrikjam.com/best-shred-guitars-tight-budget/","If you're on a tight budget but still want a rock-solid shred guitar, don't think you're out of luck – there's plenty of great options. Here's our picks for 2024 and beyond...","2761","17","from_wordpress_export"
"https://www.electrikjam.com/cort-guitars-a-wonderful-high-quality-brand/","/cort-guitars-a-wonderful-high-quality-brand/","post","200","Are Cort Guitars Any Good? Yes! Especially For METAL...","Are Cort Guitars Any Good? Yes! Especially For METAL…","https://www.electrikjam.com/cort-guitars-a-wonderful-high-quality-brand/","They've been around for a LONG time, but are Cort guitars any good? The answer is simple: YES -- find out why inside this post... ","1527","22","from_wordpress_export"
"https://www.electrikjam.com/harley-benton-dnafx-review/","/harley-benton-dnafx-review/","post","200","Harley Benton DNAfx Review: Is It Worth It? ","Harley Benton DNAfx Review: Is It Worth It?","https://www.electrikjam.com/harley-benton-dnafx-review/","We have been taking a look at Harley Benton Guitars lately, and seeing what the budget brand has to offer. How good is the flagship Harley Benton DNAfx?","2316","25","from_wordpress_export"
"https://www.electrikjam.com/why-i-use-baritone-guitars/","/why-i-use-baritone-guitars/","post","200","Why I'm Using Baritone Guitars More and More: Tone, Tuning, and Atmosphere...","Why I’m Using Baritone Guitars More and More: Tone, Tuning, and Atmosphere…","https://www.electrikjam.com/why-i-use-baritone-guitars/","Baritone guitars don’t just go low, they go huge. If you’ve ever tried to drop your standard guitar into B or A tuning and ended up with a floppy mess, then you already know why baritones exist.","1144","13","from_wordpress_export"
"https://www.electrikjam.com/the-best-gibson-les-paul-alternatives-a-look-at-the-other-side/","/the-best-gibson-les-paul-alternatives-a-look-at-the-other-side/","post","200","The Best Gibson Les Paul Alternatives: What We Like Most Right Now","The Best Gibson Les Paul Alternatives: What We Like Most Right Now","https://www.electrikjam.com/the-best-gibson-les-paul-alternatives-a-look-at-the-other-side/","The Gibson Les Paul is an Iconic Guitar. But what about The Best Gibson Les Paul Alternatives? There is quite a few to choose from, and they vary in price and quality. ","2605","41","from_wordpress_export"
"https://www.electrikjam.com/guitar-centers-big-sale-is-on-heres-what-you-should-be-looking-at/","/guitar-centers-big-sale-is-on-heres-what-you-should-be-looking-at/","post","200","Guitar Center’s Big Sale Is On: Here’s What You Should Be Looking At","Guitar Center’s Big Sale Is On: Here’s What You Should Be Looking At","https://www.electrikjam.com/guitar-centers-big-sale-is-on-heres-what-you-should-be-looking-at/","I spent my entire morning glued to the Guitar Center site like a kid outside a candy store just staring at gear I definitely don’t need but definitely want. You know the drill. The good news? This isn’t one of those fake 10% off “sales.” Some of these prices are seriously good like $100+ off [&hellip;]","817","7","from_wordpress_export"
"https://www.electrikjam.com/the-easy-way-to-play-an-f-chord-on-guitar/","/the-easy-way-to-play-an-f-chord-on-guitar/","post","200","How To Play F Chord on Guitar: Barre, Variations, No Barre &amp; SUS Chords","How To Play F Chord on Guitar: Barre, Variations, No Barre & SUS Chords","https://www.electrikjam.com/the-easy-way-to-play-an-f-chord-on-guitar/","How to play the F chord? Said EVERY BEGINNER KNOWN TO MAN! Minor, Major, ASUS – here are all the different ways you can play an F chord on the guitar","1906","25","from_wordpress_export"
"https://www.electrikjam.com/harley-benton-guitars-guide/","/harley-benton-guitars-guide/","post","200","Harley Benton Guitars: The Ultimate Buyer's Guide &amp; The Best Models","Harley Benton Guitars: The Ultimate Buyer’s Guide & The Best Models","https://www.electrikjam.com/harley-benton-guitars-guide/","Harley Benton Guitars has a massive selection, and we are going to break down every aspect of the company for you, so you can make an informed purchase.","7644","71","from_wordpress_export"
"https://www.electrikjam.com/neural-capture-v2/","/neural-capture-v2/","post","200","Neural Capture V2: What It Does, Why It Matters For Quad Cortex Users","Neural Capture V2: What It Does, Why It Matters For Quad Cortex Users","https://www.electrikjam.com/neural-capture-v2/","Neural DSP just made your fuzz pedals, compressors, and saggy old amps feel a whole lot more “real.” But what does that mean for players like us?","999","10","from_wordpress_export"
"https://www.electrikjam.com/richest-metal-bands/","/richest-metal-bands/","post","200","15 Richest Metal Bands: Meet The BILLION Dollar Metal Band","15 Richest Metal Bands: Meet The BILLION Dollar Metal Band","https://www.electrikjam.com/richest-metal-bands/","From Metallica to TOOL, here’s a comprehensive list of the richest metal bands of all time. You’ll never guess how much Metallica is worth! ","2432","25","from_wordpress_export"
"https://www.electrikjam.com/fender-releases-tom-morellos-iconic-arm-the-homeless-guitar-replica-its-a-mim-too/","/fender-releases-tom-morellos-iconic-arm-the-homeless-guitar-replica-its-a-mim-too/","post","200","Fender Releases Tom Morello's Iconic ""Arm The Homeless"" Guitar Replica, It's A MIM Too","Fender Releases Tom Morello’s Iconic “Arm The Homeless” Guitar Replica, It’s A MIM Too","https://www.electrikjam.com/fender-releases-tom-morellos-iconic-arm-the-homeless-guitar-replica-its-a-mim-too/","While the replica is a technical marvel, its retail price point of approximately $1,699 USD (£1,699 GBP) is raising eyebrows because the instrument is Made In Mexico (MIM).","436","1","from_wordpress_export"
"https://www.electrikjam.com/fender-player-ii-stratocaster-vs-american-ultra-ii-stratocaster/","/fender-player-ii-stratocaster-vs-american-ultra-ii-stratocaster/","post","200","Fender Player II Stratocaster vs. American Ultra II Stratocaster","Fender Player II Stratocaster vs. American Ultra II Stratocaster","https://www.electrikjam.com/fender-player-ii-stratocaster-vs-american-ultra-ii-stratocaster/","This is the ultimate modern Fender showdown: the Player II Stratocaster (Made in Mexico, core gigging workhorse) versus the American Ultra II Stratocaster (Made in USA, top-tier performance flagship).","2412","4","from_wordpress_export"
"https://www.electrikjam.com/fender-player-ii-stratocaster-reviews/","/fender-player-ii-stratocaster-reviews/","post","200","Fender Player II Stratocaster Review: Is It Worth It? ","Fender Player II Stratocaster Review: Is It Worth It?","https://www.electrikjam.com/fender-player-ii-stratocaster-reviews/","They gave us the fast radius, the premium tuners, and the rolled edges that make a neck truly comfortable. Fender listened, basically. The Player II Stratocaster is now a professional-grade instrument that punches well above its weight class.","2010","18","from_wordpress_export"
"https://www.electrikjam.com/fender-player-stratocaster-reviews/","/fender-player-stratocaster-reviews/","post","200","Fender Player Stratocaster Review: Still #1 After All These Years?","Fender Player Stratocaster Reviews: Still #1 After All These Years?","https://www.electrikjam.com/fender-player-stratocaster-reviews/","The Fender Player Stratocaster is where you start when you want a ""real"" Fender. But are they still the top choice these days? Let's take a look!","2574","10","from_wordpress_export"
"https://www.electrikjam.com/fender-american-ultra-ii-hss-stratocaster-reviews-gods-guitar/","/fender-american-ultra-ii-hss-stratocaster-reviews-gods-guitar/","post","200","Fender American Ultra II HSS Stratocaster Reviews: God's Guitar... ","Fender American Ultra II HSS Stratocaster Reviews: God’s Guitar…","https://www.electrikjam.com/fender-american-ultra-ii-hss-stratocaster-reviews-gods-guitar/","Is The Fender American Ultra II HSS Stratocaster Worth It For Metal? ElectrikJam Summary: The Verdict Pros Cons Zero Noise, All Tone: Ultra Noiseless pickups eliminate hum without compromising classic Strat sparkle. High Price Point: It's a significant investment, reflecting its premium, feature-loaded status. Effortless Playability: Compound radius and Modern ""D"" neck are a perfect [&hellip;]","1842","12","from_wordpress_export"
"https://www.electrikjam.com/22-frets-vs-24-frets-explained/","/22-frets-vs-24-frets-explained/","post","200","22 Frets vs 24 Frets: How They're Different, Why It Matters","22 Frets vs 24 Frets: How They’re Different, Why It Matters","https://www.electrikjam.com/22-frets-vs-24-frets-explained/","You have probably heard the arguments regarding 22 frets VS 24 frets when it comes to guitars. Today we break down the science of why, and how it all works!","3389","32","from_wordpress_export"
"https://www.electrikjam.com/how-much-does-studio-one-cost/","/how-much-does-studio-one-cost/","post","200","Studio One Cost &amp; Features Breakdown: A Beginner's Guide","Studio One Pricing & Features Breakdown: Which Is Best For You?","https://www.electrikjam.com/how-much-does-studio-one-cost/","How Much Does Studio One Cost? Here's Everything You Need To Know Before You Commit&#8230; TL;DR: Pricing & Best Value Plan/Version Cost (USD) The Key Takeaway Studio One Artist $99.99 (One-time) Cheapest permanent option. Full VST/AU support and unlimited tracks. Studio One Professional $399.99 (One-time) AVOID this standalone price. The Hybrid Plan (below) is cheaper [&hellip;]","2008","2","from_wordpress_export"
"https://www.electrikjam.com/15-rock-solid-reasons-to-buy-the-gibson-sg-standard-61/","/15-rock-solid-reasons-to-buy-the-gibson-sg-standard-61/","post","200","15 Rock-Solid Reasons To Buy The Gibson SG Standard '61","15 Rock-Solid Reasons To Buy The Gibson SG Standard ’61","https://www.electrikjam.com/15-rock-solid-reasons-to-buy-the-gibson-sg-standard-61/","Here are 15 Reasons the SG Standard '61 remains one of the greatest guitars ever made, and why I'd use one of these over a Gibson Les Paul any day of the week (and twice on a Sunday). ","726","3","from_wordpress_export"
"https://www.electrikjam.com/gibson-sg-standard-61-reviews/","/gibson-sg-standard-61-reviews/","post","200","Gibson SG Standard '61 Reviews: Is It Worth It? ","Gibson SG Standard ’61 Reviews: Is It Worth It?","https://www.electrikjam.com/gibson-sg-standard-61-reviews/","The Gibson SG Standard '61 is one of the best rock machines Gibson builds today. Yeah, it's a re-issue. But unlike most reissues, this one freakin' slaps in the best way possible. ","1405","19","from_wordpress_export"
"https://www.electrikjam.com/fender-player-ii-telecaster-hh-reviews/","/fender-player-ii-telecaster-hh-reviews/","post","200","Fender Player II Telecaster HH Reviews: Is It Worth It? ","Fender Player II Telecaster HH Reviews: Is It Worth It?","https://www.electrikjam.com/fender-player-ii-telecaster-hh-reviews/","Forget your grandpa’s twang machine. The Fender Player II Telecaster HH is a guitar built for the player who needs classic feel but modern, muscular tone. ","1590","23","from_wordpress_export"
"https://www.electrikjam.com/best-deftones-album/","/best-deftones-album/","post","200","Deftones Album Ranked In Order of Greatness (Tier 1 To Tier 3)","Best Deftones Album Ranked In Order of Greatness (Tier 1 to Tier 3)","https://www.electrikjam.com/best-deftones-album/","TL;DR – Deftones Albums Ranked Deftones have never made a bad record, but some are better than others. I hate best album lists; music is too subjective, so instead we'll be using a tier system instead because it's simpler and lends itself to discussion and debate. The Tier 1 albums are what I consider the [&hellip;]","3660","1","from_wordpress_export"
"https://www.electrikjam.com/deftones-fans-divided-on-private-music-heres-all-the-initial-reactions/","/deftones-fans-divided-on-private-music-heres-all-the-initial-reactions/","post","200","Deftones Fans Divided On Private Music: Here's All The Initial Reactions","Deftones Fans Divided On Private Music: Here’s All The Initial Reactions","https://www.electrikjam.com/deftones-fans-divided-on-private-music-heres-all-the-initial-reactions/","The long-awaited Private Music album from Deftones has landed, and as expected, the internet is buzzing — or more accurately, Reddit is conflicted. ","452","1","from_wordpress_export"
"https://www.electrikjam.com/queens-of-the-stone-age-guitar-tuning-a-guide/","/queens-of-the-stone-age-guitar-tuning-a-guide/","post","200","Queens of The Stone Age Guitar Tuning: A Complete Guide…","Queens of The Stone Age Guitar Tuning: A Guide…","https://www.electrikjam.com/queens-of-the-stone-age-guitar-tuning-a-guide/","Killer riffs, catchy licks, swagger, and a complete disregard for the rules. These are just a few of the things that make up Josh Homme’s guitar style. But what tuning do Queens of The Stone Age actually use?","2351","10","from_wordpress_export"
"https://www.electrikjam.com/system-requirements-for-cubase-12/","/system-requirements-for-cubase-12/","post","200","System Requirements for Cubase: Here's Exactly What You Need","System Requirements for Cubase: What You Need, What’s Ideal Detailed","https://www.electrikjam.com/system-requirements-for-cubase-12/","What are the system requirements for Cubase 12? Here's everything you need to know about running Cubase optimally on PC and Mac computers...
","1517","25","from_wordpress_export"
"https://www.electrikjam.com/best-strings-for-a-gibson-les-paul/","/best-strings-for-a-gibson-les-paul/","post","200","The Best Strings For A Gibson Les Paul (Inc. Epiphone &amp; LTD Models)","The Best Strings For A Gibson Les Paul (Inc. Epiphone & LTD Models)","https://www.electrikjam.com/best-strings-for-a-gibson-les-paul/","The best strings for a Gibson Les Paul will depend on different factors. Let's take a look at the best guitar string brands based on quality and playability","1057","10","from_wordpress_export"
"https://www.electrikjam.com/why-fenders-american-ultra-luxe-telecaster-is-the-super-tele-weve-been-waiting-for/","/why-fenders-american-ultra-luxe-telecaster-is-the-super-tele-weve-been-waiting-for/","post","200","Why Fender’s American Ultra Luxe Telecaster Is The ""Super Tele"" We've Been Waiting For...","Why Fender’s American Ultra Luxe Telecaster Is The “Super Tele” We’ve Been Waiting For…","https://www.electrikjam.com/why-fenders-american-ultra-luxe-telecaster-is-the-super-tele-weve-been-waiting-for/","The American Ultra Luxe Telecaster is basically Fender’s way of saying, “Alright, you want vintage tone, modern playability, and stage-ready reliability? Here—have it all in one guitar.”","1267","14","from_wordpress_export"
"https://www.electrikjam.com/fender-price-tiers-explained/","/fender-price-tiers-explained/","post","200","Fender Price Tiers: All The Models, Series &amp; Price Changes (2025 Edition)","Fender Price Tiers: All The Models, Series & Price Changes (2025 Edition)","https://www.electrikjam.com/fender-price-tiers-explained/","The Fender price tiers have been confusing for a lot of guitarists since the latest revamp. Today we set the record straight!","5100","26","from_wordpress_export"
"https://www.electrikjam.com/fender-unveils-american-ultra-luxe-vintage-series-with-insanely-high-price-tags/","/fender-unveils-american-ultra-luxe-vintage-series-with-insanely-high-price-tags/","post","200","Fender Unveils American Ultra Luxe Vintage Series With Insanely High Price Tags","Fender Unveils American Ultra Luxe Vintage Series With Insanely High Price Tags","https://www.electrikjam.com/fender-unveils-american-ultra-luxe-vintage-series-with-insanely-high-price-tags/","According to Fender, the series is meant to celebrate their golden-era designs while packing in tech and materials that make these instruments more reliable, versatile, and, well… expensive.","574","0","from_wordpress_export"
"https://www.electrikjam.com/boss-katana-sneaky-amps-guide/","/boss-katana-sneaky-amps-guide/","post","200","BOSS Katana Sneaky Amps: What You Need To Know &amp; How To Use Them Properly","BOSS Katana Sneaky Amps: What You Need To Know","https://www.electrikjam.com/boss-katana-sneaky-amps-guide/","The BOSS Katana Sneaky Amps feature sounded like a myth, or an urban legend when I first heard of it. But it's real, and today we will show you how it works!","4231","31","from_wordpress_export"
"https://www.electrikjam.com/3-best-harley-benton-guitars-for-metal-review/","/3-best-harley-benton-guitars-for-metal-review/","post","200","3 BEST Harley Benton Guitars For Metal Reviewed: INSANE Value For Money","3 BEST Harley Benton Guitars For Metal Reviewed: INSANE Deals For Chugging!","https://www.electrikjam.com/3-best-harley-benton-guitars-for-metal-review/","We found the best Harley Benton Guitars for Metal that absolutely will not break the bank But are they legit and worth it? Let's take a look!","5424","55","from_wordpress_export"
"https://www.electrikjam.com/expensive-guitar-strings-reviewed-worth-it/","/expensive-guitar-strings-reviewed-worth-it/","post","200","The Top 3 Expensive Guitar Strings Reviewed: Is The Hype Worth it?","The Top 3 Expensive Guitar Strings Reviewed: Is The Hype Worth it?","https://www.electrikjam.com/expensive-guitar-strings-reviewed-worth-it/","Expensive guitar strings make some rather huge claims about tone and durability, but do they actually wok? Today we take a look at the top 3, and test them!","3980","37","from_wordpress_export"
"https://www.electrikjam.com/are-squier-guitars-good-a-guide-to-cheap-fender-guitars/","/are-squier-guitars-good-a-guide-to-cheap-fender-guitars/","post","200","Are Squier Guitars Good? Yes, Here's My 2 Cents On Why...","Are Squier Guitars Good? A Guide To Cheap Fender Guitars","https://www.electrikjam.com/are-squier-guitars-good-a-guide-to-cheap-fender-guitars/","Squier guitars by Fender are extremely popular with novice and beginner players. But are they actually any good? Let’s investigate…","2493","28","from_wordpress_export"
"https://www.electrikjam.com/new-guitars-june-2025/","/new-guitars-june-2025/","post","200","The Best New Guitars Launched in June 2025: A Killer Month for Players","The Best New Guitars Launched in June 2025: A Killer Month for Players","https://www.electrikjam.com/new-guitars-june-2025/","June 2025 might go down as one of the most stacked months for guitar releases in recent memory. ","814","16","from_wordpress_export"
"https://www.electrikjam.com/cubase-versions-compared-elements-artist-pro/","/cubase-versions-compared-elements-artist-pro/","post","200","Elements, Artist or Pro: Cubase 14 N00b Buyer's Guide 2025","Elements, Artist or Pro: Cubase 14 N00b Buyer’s Guide 2025","https://www.electrikjam.com/cubase-versions-compared-elements-artist-pro/","So which version of Cubase 14 is best for metal guitarists recording at home? Let's dive in and compare all the different versions – from basic to Pro...","1800","6","from_wordpress_export"
"https://www.electrikjam.com/is-cubase-free/","/is-cubase-free/","post","200","Is Cubase Free? No, Here's What To Do Instead...","Is Cubase Free? No, But You Can Do This Instead…","https://www.electrikjam.com/is-cubase-free/","Rightly or wrongly, plenty of people seem to think that Cubase is free. Let's set the record about whether or Cubase is free once and for all...","906","14","from_wordpress_export"
"https://www.electrikjam.com/harley-benton-nashville-nylon-guitar/","/harley-benton-nashville-nylon-guitar/","post","200","Harley Benton’s Nashville Nylon Guitar Is Back In BLACK...","Harley Benton’s Nashville Nylon Guitar Is Back In BLACK…","https://www.electrikjam.com/harley-benton-nashville-nylon-guitar/","If you’ve ever been torn between the warmth of a classical guitar and the feel of an electric, Harley Benton’s Nashville Nylon series might just be your sweet spot. ","854","1","from_wordpress_export"
"https://www.electrikjam.com/albums-recorded-with-amp-sims/","/albums-recorded-with-amp-sims/","post","200","12 Metal Albums That Were Recorded Using Amp Sims","12 Metal Albums That Were Recorded Using Amp Sims","https://www.electrikjam.com/albums-recorded-with-amp-sims/","Think a traditional amplifier is unbeatable in the studio? Think again. Here are 12 albums that were recorded using ONLY amp sims... ","991","18","from_wordpress_export"
"https://www.electrikjam.com/ibanez-gio-series-guitars-buying-guide/","/ibanez-gio-series-guitars-buying-guide/","post","200","Ibanez GIO Series Buying Guide: The Affordable Shredder... ","Ibanez GIO Series Guitars Buying Guide: The Affordable Shredder…","https://www.electrikjam.com/ibanez-gio-series-guitars-buying-guide/","If you're an aspiring shredder, Ibanez's GIO series serves up some incredible value for money with an array of options, pickup configurations and more...","1593","17","from_wordpress_export"
"https://www.electrikjam.com/best-guitar-strings/","/best-guitar-strings/","post","200","The Best Guitar Strings for Any Tuning (Standard To Drop A)","The Best Guitar Strings for Any Tuning (From Standard To Drop A…)","https://www.electrikjam.com/best-guitar-strings/","Let’s dive into some of the best string options for standard and alternate tunings, and why these choices can make or break your tone.","1287","23","from_wordpress_export"
"https://www.electrikjam.com/esp-ltd-deluxe-ec-01ft-gets-official-its-metal-af/","/esp-ltd-deluxe-ec-01ft-gets-official-its-metal-af/","post","200","ESP LTD Deluxe EC-01FT Gets Official – It's Metal AF!","ESP LTD Deluxe EC-01FT Gets Official – It’s Metal AF!","https://www.electrikjam.com/esp-ltd-deluxe-ec-01ft-gets-official-its-metal-af/","If you’re a metal player looking for a streamlined, road-ready workhorse, the ESP LTD Deluxe EC-01FT checks all the boxes – here's why...","770","3","from_wordpress_export"
"https://www.electrikjam.com/synyster-gates-custom-7-tr-headless-guitar-schecter/","/synyster-gates-custom-7-tr-headless-guitar-schecter/","post","200","The Synyster Gates Custom-7 TR Headless Is Here And It Is Glorious...","Schecter and Synyster Gates Unveil the Custom-7 TR Headless Signature Guitar","https://www.electrikjam.com/synyster-gates-custom-7-tr-headless-guitar-schecter/","The wait is over for fans of Avenged Sevenfold and Synyster Gates, as Schecter has officially launched the much-anticipated Synyster Gates Custom-7 TR Headless guitar. ","621","8","from_wordpress_export"
"https://www.electrikjam.com/squier-affinity-strat-deal/","/squier-affinity-strat-deal/","post","200","Squier’s Affinity Strat is The PERFECT Black Friday Steal – Sub-$200!","Squier’s Affinity Strat is The PERFECT Black Friday Steal – Sub-$200!","https://www.electrikjam.com/squier-affinity-strat-deal/","Originally priced at $239.99, this Affinity Strat is now $199.99—a 17% discount. Whether you’re just starting out or need a reliable backup guitar, this deal is tough to beat","530","1","from_wordpress_export"
"https://www.electrikjam.com/fender-american-ultra-ii-series/","/fender-american-ultra-ii-series/","post","200","Fender American Ultra II Series Detailed: Specs, Updates &amp; New Models","Fender American Ultra II Series Detailed: Specs, Updates & New Models","https://www.electrikjam.com/fender-american-ultra-ii-series/","Fender's American Ultra II series doesn’t mess around when it comes to improvements.  Here's everything you need to know about these pro-level guitars...","827","2","from_wordpress_export"
"https://www.electrikjam.com/gibson-donald-trump-lawsuit-maga-guitar/","/gibson-donald-trump-lawsuit-maga-guitar/","post","200","Gibson Wants To Sue Donald Trump – Here's Why... ","Gibson Wants To Sue Donald Trump – Here’s Why…","https://www.electrikjam.com/gibson-donald-trump-lawsuit-maga-guitar/","It seems Gibson is back in the courtroom spotlight—again. This time it has its sights set on ""Trump Guitars,"" a brand claiming to be endorsed by none other than Donald J. Trump. ","859","2","from_wordpress_export"
"https://www.electrikjam.com/opeth-the-last-will-and-testament-reviews-reactions/","/opeth-the-last-will-and-testament-reviews-reactions/","post","200","Opeth’s The Last Will and Testament: Reactions &amp; Reviews","Opeth’s The Last Will and Testament Is Here: Initial Reactions & Reviews","https://www.electrikjam.com/opeth-the-last-will-and-testament-reviews-reactions/","Opeth fans, rejoice! After a five-year hiatus, the Swedish progressive metal giants have returned with their fourteenth studio album, The Last Will and Testament. ","1451","8","from_wordpress_export"
"https://www.electrikjam.com/700-off-a-gibson-les-paul-traditional-pro-v-aaa-flame-top-yes-please/","/700-off-a-gibson-les-paul-traditional-pro-v-aaa-flame-top-yes-please/","post","200","$700 Off a Gibson Les Paul Traditional Pro V AAA Flame Top? Yes, Please!","$700 Off a Gibson Les Paul Traditional Pro V AAA Flame Top? Yes, Please!","https://www.electrikjam.com/700-off-a-gibson-les-paul-traditional-pro-v-aaa-flame-top-yes-please/","The Gibson Les Paul Traditional Pro V AAA Flame Top in stunning Dark Purple Burst is currently $700 off, slashing the price to $2,299 (down from $2,999). ","458","2","from_wordpress_export"
"https://www.electrikjam.com/learning-to-play-f-chord-on-guitar/","/learning-to-play-f-chord-on-guitar/","post","200","Learning To Play The F Chord On Guitar Is The Best Thing You’ll Ever Do","Learning To Play The F Chord On Guitar Is The Best Thing You’ll Ever Do","https://www.electrikjam.com/learning-to-play-f-chord-on-guitar/","It’s hard, it takes ages to get it down. But when you can finally, easily play the F Chord on the guitar, everything else will be simpler…","796","1","from_wordpress_export"
"https://www.electrikjam.com/system-requirements-daws/","/system-requirements-daws/","post","200","System Requirements For DAWs: What You'll Need To Start Recording At Home","System Requirements For DAWs: What You’ll Need To Start Recording At Home","https://www.electrikjam.com/system-requirements-daws/","Whether you're using Cubase, Logic, Ableton or Reaper, there's a baseline of spec you'll need on your computer – here's what you need to know...","1801","24","from_wordpress_export"
"https://www.electrikjam.com/harley-benton-fusion-series-guide/","/harley-benton-fusion-series-guide/","post","200","Harley Benton Fusion Series: What To Know Before You Buy...","Harley Benton Fusion Series Guide: What To Know Before You Buy","https://www.electrikjam.com/harley-benton-fusion-series-guide/","The Harley Benton Fusion Series gives you the best of both worlds:  Stratocaster (ST) and Telecaster (TE) styles. But are they any good? Here's my 2 cents...","3419","37","from_wordpress_export"
"https://www.electrikjam.com/harley-benton-guitar-pickups-guide/","/harley-benton-guitar-pickups-guide/","post","200","Harley Benton Guitar Pickups Guide: What You Need To Know...","Harley Benton Guitar Pickups Guide: What You Need To Know…","https://www.electrikjam.com/harley-benton-guitar-pickups-guide/","Harley Benton makes A LOT of guitars across a range of series, and they all use different combinations of pickups. Here's everything you need to know about how it all works before you buy one...","1572","16","from_wordpress_export"
"https://www.electrikjam.com/best-harley-benton-guitar-beginners/","/best-harley-benton-guitar-beginners/","post","200","Best Harley Benton Guitar for Beginners: My #1 Picks For 2024","Best Harley Benton Guitar for Beginners: My #1 Picks For 2024","https://www.electrikjam.com/best-harley-benton-guitar-beginners/","I've played guitar for 25+ years and if I was starting all over again tomorrow, these the Harley Benton guitars I'd be looking at...","1405","10","from_wordpress_export"
"https://www.electrikjam.com/harley-benton-guitar-series/","/harley-benton-guitar-series/","post","200","Harley Benton Guitar Series: The Ultimate Guide [2024]","Harley Benton Guitar Series Guide: What To Know Before You Buy…","https://www.electrikjam.com/harley-benton-guitar-series/","What's the best Harley Benton guitar to buy right now? It depends on what you wanna do with it and how much you wanna spend. Let's break it down, series by series...","2029","19","from_wordpress_export"
"https://www.electrikjam.com/jack-white-triplecaster-specs-price-release-date/","/jack-white-triplecaster-specs-price-release-date/","post","200","Jack White Triplecaster Specs, Release Date &amp; Price","Jack White Triplecaster Specs, Release Date & Price","https://www.electrikjam.com/jack-white-triplecaster-specs-price-release-date/","The Jack White Triplecaster is FINALLY here and it was so worth the wait – here's everything you need to know&#8230; If you’re fan of Jack White, you will have seen the Triplecaster in action before; the guitar has been a labor of love for a good many years. Jack has been modding Telecasters with all [&hellip;]","1167","0","from_wordpress_export"
"https://www.electrikjam.com/most-popular-amp-sims/","/most-popular-amp-sims/","post","200","The 8 Most Popular Amp Sims Right Now [Updated For 2024]","The 8 Most Popular Amp Sims Right Now","https://www.electrikjam.com/most-popular-amp-sims/","What are the most popular amp sims right now? We crunched the numbers, did the research to find out. Here's the 8 biggest and most popular options right now...","1198","2","from_wordpress_export"
"https://www.electrikjam.com/guitar-setup-benefits/","/guitar-setup-benefits/","post","200","The Many, Many Benefits of A Proper Guitar Setup","The Many, Many Benefits of A Proper Guitar Setup","https://www.electrikjam.com/guitar-setup-benefits/","Is a guitar setup worth it? Yes. If you want better intonation, better tone, and better playability a proper setup is essential – here’s why… It doesn’t matter if your guitar costs $150 or $1500, it’ll need a proper setup if you want to get the maximum performance out of it. What do I mean [&hellip;]","480","1","from_wordpress_export"
"https://www.electrikjam.com/gibson-faded-les-paul-standards-50s-60s-2024/","/gibson-faded-les-paul-standards-50s-60s-2024/","post","200","Gibson DROPS Updated Faded Les Paul Standards 50s &amp; 60s ","Gibson Faded Les Paul Standards 50s & 60s UPDATED For 2024","https://www.electrikjam.com/gibson-faded-les-paul-standards-50s-60s-2024/","Gibson's back with some updated Faded Les Paul Standards 50s &amp; 60s for 2024 – here's what you need to know...","909","0","from_wordpress_export"
"https://www.electrikjam.com/the-jesus-lizard-reurns-rack-review/","/the-jesus-lizard-reurns-rack-review/","post","200","The Jesus Lizard Reurns! Rack Review","The Jesus Lizard Reurns! Rack Review","https://www.electrikjam.com/the-jesus-lizard-reurns-rack-review/","The Jesus Lizard Returns! Like all album reviews, I will start this one with a personal anecdote, and then talk about how the album was made, with quotes from the band members. But this one is a little special&#8230; I was knee-deep into 90's rock when I first heard The Jesus Lizard. Bands like Nirvana, [&hellip;]","1735","3","from_wordpress_export"
"https://www.electrikjam.com/fender-guitar-series-explained/","/fender-guitar-series-explained/","post","200","Fender Guitar Series Explained: What You Need To Know...","Fender Guitar Series Explained: What You Need To Know…","https://www.electrikjam.com/fender-guitar-series-explained/","Here's literally everything you need to know about Fender's guitar series: how they work, how they're different, and which one is right for you...","1071","2","from_wordpress_export"
"https://www.electrikjam.com/fender-american-professional-ii-jazzmaster-vs-fender-american-professional-ii-telecaster/","/fender-american-professional-ii-jazzmaster-vs-fender-american-professional-ii-telecaster/","post","200","Fender American Professional II Jazzmaster vs Fender American Professional II Telecaster","Fender American Professional II Jazzmaster vs Fender American Professional II Telecaster","https://www.electrikjam.com/fender-american-professional-ii-jazzmaster-vs-fender-american-professional-ii-telecaster/","They're both icons. They're both expensive. You can only buy one, so which is best: the Fender American Professional II Jazzmaster or the Fender American Professional Telecaster? ","1460","3","from_wordpress_export"
"https://www.electrikjam.com/respire-2024s-best-fusion-of-music-and-social-commentary/","/respire-2024s-best-fusion-of-music-and-social-commentary/","post","200","Respire: 2024’s Best Fusion of Music and Social Commentary","Respire: 2024’s Best Fusion of Music and Social Commentary","https://www.electrikjam.com/respire-2024s-best-fusion-of-music-and-social-commentary/","Respire returns with the new album Hiraeth that proves to not only be a metallic banger, but a reminder of the dire world we reside in every day. Respire Returns From The Great White North! Life is short, when you take the time to ponder the brief blip that your life registers on the timeline [&hellip;]","1827","4","from_wordpress_export"
"https://www.electrikjam.com/solar-guitars-gc2-6-killertone-specs-price/","/solar-guitars-gc2-6-killertone-specs-price/","post","200","Solar Guitars Drops GC2.6 KILLERTONE – It's Bloody EPIC...","Solar Guitars Drops GC2.6 KILLERTONE (And Our Jaws…)","https://www.electrikjam.com/solar-guitars-gc2-6-killertone-specs-price/","Solar Guitars has just unveiled its third Jason Frankhouser signature, the GC2.6 KILLERTONE, and it is a proper little stunner with a nice price tag to match","636","1","from_wordpress_export"
"https://www.electrikjam.com/josh-homme-other-bands/","/josh-homme-other-bands/","post","200","Josh Homme Other Bands &amp; Projects: A Complete Guide","Josh Homme’s Other Bands & Projects: A Complete Guide","https://www.electrikjam.com/josh-homme-other-bands/","Josh Homme. The man, the myth, the legend. Here's all the bands and projects Josh Homme has been involved in over the years...","662","11","from_wordpress_export"
"https://www.electrikjam.com/queens-of-the-stone-age-cancel-entire-european-tour/","/queens-of-the-stone-age-cancel-entire-european-tour/","post","200","Queens of the Stone Age Cancel Entire European Tour","Queens of the Stone Age Cancel Entire European Tour…","https://www.electrikjam.com/queens-of-the-stone-age-cancel-entire-european-tour/","Queens of the Stone Age (QOTSA) have canceled their remaining tour dates for July due to frontman Josh Homme requiring emergency surgery","439","0","from_wordpress_export"
"https://www.electrikjam.com/fender-player-ii-series/","/fender-player-ii-series/","post","200","Fender Player II Series Official: New Models, Epic Updates","Fender Player II Series Official: New Models, Epic Updates","https://www.electrikjam.com/fender-player-ii-series/","Fender has just unleashed its Player II Series — a significant upgrade to its best-selling electric guitar line","879","8","from_wordpress_export"
"https://www.electrikjam.com/choosing-a-music-production-pc-101/","/choosing-a-music-production-pc-101/","post","200","Choosing A Music Production PC 101","Choosing A Music Production PC 101: It Can Be Confusing…","https://www.electrikjam.com/choosing-a-music-production-pc-101/","Finding a music production PC these days can be a confusing affair. Today we will discuss which computer specs matter when it comes to recording at home, the EASY Way. Music Production PC Specs: Why Is This So Confusing? Back in the old days, it was all about tape machines. Recording music was a much [&hellip;]","3366","26","from_wordpress_export"
"https://www.electrikjam.com/fender-telegraph-wireless-system-101-guide/","/fender-telegraph-wireless-system-101-guide/","post","200","Fender Telepath Wireless System 101: What You Need To Know","Fender Telepath Wireless System 101: What You Need To Know","https://www.electrikjam.com/fender-telegraph-wireless-system-101-guide/","Fender has announced its new Telepath Wireless System, aiming to address common issues plaguing wireless guitar setups","754","2","from_wordpress_export"
"https://www.electrikjam.com/boss-katana-gen-3-100-review-its-complicated/","/boss-katana-gen-3-100-review-its-complicated/","post","200","BOSS Katana Gen 3 100 Review: It’s Complicated…","BOSS Katana Gen 3 100 Review: It’s Complicated…","https://www.electrikjam.com/boss-katana-gen-3-100-review-its-complicated/","The BOSS Katana Gen 3 is the latest in a long line of fantastic amps for the stage and studio. But does it really offer anything new? The Katana Gen 3: A Long Time Coming&#8230; The Katana has received praise from us here at Electrikjam from the beginning. Mostly, because it became my ""main"" amp [&hellip;]","2624","13","from_wordpress_export"
"https://www.electrikjam.com/fender-japan-flamed-top-hybrid-series-ii-guitars/","/fender-japan-flamed-top-hybrid-series-ii-guitars/","post","200","Fender Japan Strikes Again With EPIC, New Hybrid Series II Finishes…","Fender Japan Strikes Again With EPIC, New Hybrid Series II Finishes…","https://www.electrikjam.com/fender-japan-flamed-top-hybrid-series-ii-guitars/","If you love a good Fender, you need to see this – Fender Japan’s latest Hybrid Series II finishes are utter, utter guitar porn…","433","1","from_wordpress_export"
"https://www.electrikjam.com/seymour-duncan-phat-cat-silencer-brings-p-90-grit-without-the-buzz/","/seymour-duncan-phat-cat-silencer-brings-p-90-grit-without-the-buzz/","post","200","Seymour Duncan Phat Cat Silencer Brings P-90 Grit Without the Buzz","Seymour Duncan Phat Cat Silencer Brings P-90 Grit Without the Buzz","https://www.electrikjam.com/seymour-duncan-phat-cat-silencer-brings-p-90-grit-without-the-buzz/","In a move that's sure to excite tone-chasers and noise-haters alike, Seymour Duncan has just dropped their latest creation: the Phat Cat Silencer. ","563","10","from_wordpress_export"
"https://www.electrikjam.com/donners-seeker-dst-600-dst-700-high-specs-prices-pickups/","/donners-seeker-dst-600-dst-700-high-specs-prices-pickups/","post","200","Donner's Seeker DST-600 and DST-700: High-Spec Strats on a Budget","Donner’s Seeker DST-600 and DST-700: High-Spec Strats on a Budget","https://www.electrikjam.com/donners-seeker-dst-600-dst-700-high-specs-prices-pickups/","Donner has made waves in the budget guitar market with their latest additions to the Seeker range: the DST-600 and DST-700","641","1","from_wordpress_export"
"https://www.electrikjam.com/them-crooked-vultures-reunion-its-all-on-dave-grohl-apparently/","/them-crooked-vultures-reunion-its-all-on-dave-grohl-apparently/","post","200","Them Crooked Vultures Reunion? It’s All On Dave Grohl, Apparently…","Them Crooked Vultures Reunion? It’s All On Dave Grohl, Apparently…","https://www.electrikjam.com/them-crooked-vultures-reunion-its-all-on-dave-grohl-apparently/","If you’re desperate for a new album from Them Crooked Vultures, don’t ask Josh Homme – it’s Dave Grohl’s job apparently","674","4","from_wordpress_export"
"https://www.electrikjam.com/dave-grohl-taylor-swift-feud/","/dave-grohl-taylor-swift-feud/","post","200","The Dave Grohl &amp; Taylor Swift Feud: How It Started / How It's Going","The Dave Grohl and Taylor Swift Feud – A Timeline of Bullsh*t","https://www.electrikjam.com/dave-grohl-taylor-swift-feud/","Dave Grohl and Taylor Swift are involved in a feud and are now actively slinging jibes at one another. There's even been death threats...","518","2","from_wordpress_export"
"https://www.electrikjam.com/guitar-chord-progressions-guide/","/guitar-chord-progressions-guide/","post","200","Guitar Chord Progressions 101: A Complete Beginner's Guide…","Guitar Chord Progressions 101: A Complete Beginner’s Guide…","https://www.electrikjam.com/guitar-chord-progressions-guide/","Today, you will become a better guitarist and song writer. How? Simple: you're going to learn the basics of what makes songs sound great: chord progressions","1805","11","from_wordpress_export"
"https://www.electrikjam.com/guitar-weight-comparison/","/guitar-weight-comparison/","post","200","Electric Guitar Weight: The 18 Most Popular Models Compared","Electric Guitar Weight: The 18 Most Popular Models Compared","https://www.electrikjam.com/guitar-weight-comparison/","Compare weights of popular models from Fender, Gibson, Epiphone, and more. Find the perfect balance for your style, from lightweight shredders to hefty tone monsters","1742","19","from_wordpress_export"
"https://www.electrikjam.com/david-ross-submersion-octave-fuzz-pedal-review-insane-tones/","/david-ross-submersion-octave-fuzz-pedal-review-insane-tones/","post","200","David Ross Submersion Octave Fuzz Pedal Review: INSANE Tones!","David Ross Submersion Octave Fuzz Pedal Review: INSANE Tones!","https://www.electrikjam.com/david-ross-submersion-octave-fuzz-pedal-review-insane-tones/","Today we review The Submersion Octave Fuzz Pedal by David Ross Musical Instruments!","2304","9","from_wordpress_export"
"https://www.electrikjam.com/boss-katana-3/","/boss-katana-3/","post","200","Boss Katana 3: What to Expect in 2024 [Leaks &amp; Updates]","Boss Katana 3: What to Expect in 2024","https://www.electrikjam.com/boss-katana-3/","Gear enthusiasts and modeling amp aficionados are eagerly anticipating the release of the Boss Katana 3 series in 2024. Here's what to expect&#8230; The Japanese amp and effects powerhouse recently teased the upcoming launch on their Instagram page, hinting at a new generation of Katana modeling amps that will build upon the success of the [&hellip;]","687","3","from_wordpress_export"
"https://www.electrikjam.com/deftones-new-album-produced-by-nick-raskulinecz/","/deftones-new-album-produced-by-nick-raskulinecz/","post","200","Deftones New Album Produced By Nick Raskulinecz","Deftones New Album Produced By Nick Raskulinecz","https://www.electrikjam.com/deftones-new-album-produced-by-nick-raskulinecz/","He’s the same producer the Deftones used on Diamond Eyes and Koi No Yokan, arguably two the band’s best modern albums","437","1","from_wordpress_export"
"https://www.electrikjam.com/the-5-best-cheap-amps-you-can-gig-with/","/the-5-best-cheap-amps-you-can-gig-with/","post","200","The 5 Best Cheap Amps You Can Gig With","The 5 Best Cheap Amps You Can Gig With: Great Live Tone On A Budget!","https://www.electrikjam.com/the-5-best-cheap-amps-you-can-gig-with/","Usually amps you can gig with are big and expensive. But there are cheap amps you can gig with, without compromising your tone. There's options!","5766","35","from_wordpress_export"
"https://www.electrikjam.com/how-many-albums-has-the-beatles-sold/","/how-many-albums-has-the-beatles-sold/","post","200","How Many Albums Has The Beatles Sold? Here's The Data...","How Many Albums Has The Beatles Sold? A LOT – Here’s The Data","https://www.electrikjam.com/how-many-albums-has-the-beatles-sold/","They were bigger than Jesus and have over 35 million monthly listeners on Spotify. But how many albums have the Beatles sold to date? ","904","5","from_wordpress_export"
"https://www.electrikjam.com/beatles-albums-in-order/","/beatles-albums-in-order/","post","200","The Beatles Albums In Order (By Year of Release): A Complete List","The Beatles Albums In Order (1963-1970): A Complete List","https://www.electrikjam.com/beatles-albums-in-order/","If you’re only just starting to get into The Beatles, you might be wondering what order the band’s albums came out in. Here’s a complete list of all The Beatle’s albums in order…","2561","21","from_wordpress_export"
"https://www.electrikjam.com/bob-ludwig-mastering-quotes/","/bob-ludwig-mastering-quotes/","post","200","Bob Ludwig on Mastering: 12 Quotes Every Student Must Read","Bob Ludwig on Mastering: 12 Quotes Every Aspiring Student Should Read","https://www.electrikjam.com/bob-ludwig-mastering-quotes/","Bob Ludwig – AKA Golden Ears – is a multi-Grammy award winning mastering engineer that has worked with everyone from Hendrix to Daft Punk. Here's 12 seminal quotes from the man himself...","1113","2","from_wordpress_export"
"https://www.electrikjam.com/mastering-rock-music/","/mastering-rock-music/","post","200","The Secrets of Mastering Rock Music: How To 10X Your Mixes ","The Art of Mastering Rock Music: How To 10X Your Mixes","https://www.electrikjam.com/mastering-rock-music/","Mastering is a crucial step in the music production process, and it's especially important when it comes to rock music. Here's everything you need to know","801","5","from_wordpress_export"
"https://www.electrikjam.com/learn-to-master-your-music-using-free-tools/","/learn-to-master-your-music-using-free-tools/","post","200","Learn To Master Your Music Using Free Tools","Learn To Master Your Music Using Free Tools","https://www.electrikjam.com/learn-to-master-your-music-using-free-tools/","Despite what people may tell, you can learn to master your music to a professional standard using free tools – here's how...","578","9","from_wordpress_export"
"https://www.electrikjam.com/global-guitar-trends-by-brand/","/global-guitar-trends-by-brand/","post","200","Global Guitar Trends By Brand (2004-2024) | ELECTRIKJAM","Global Guitar Trends By Brand (2004-2024)","https://www.electrikjam.com/global-guitar-trends-by-brand/","Which guitar brand is the most popular? To find out we examined search trends going back two decades to find out...","1743","20","from_wordpress_export"
"https://www.electrikjam.com/how-much-are-electrical-guitar-company-guitars-notable-models-series/","/how-much-are-electrical-guitar-company-guitars-notable-models-series/","post","200","How Much Are Electrical Guitar Company Guitars? ","How Much Are Electrical Guitar Company Guitars? Notable Models & Series","https://www.electrikjam.com/how-much-are-electrical-guitar-company-guitars-notable-models-series/","How much do Electrical Guitar Company guitars cost? As you’d expect, they ain’t cheap and even if you can afford one, the wait times for delivery are pretty, pretty, pretty long…","571","1","from_wordpress_export"
"https://www.electrikjam.com/almost-no-one-cares-about-the-gibson-sg-anymore/","/almost-no-one-cares-about-the-gibson-sg-anymore/","post","200","Almost No One Cares About The Gibson SG Anymore…","Almost No One Cares About The Gibson SG Anymore…","https://www.electrikjam.com/almost-no-one-cares-about-the-gibson-sg-anymore/","An icon of rock, metal and doom, it would appear that the once-beloved Gibson / Epiphone SG is now no longer a popular choice for guitarists","1553","6","from_wordpress_export"
"https://www.electrikjam.com/electrical-guitar-company-101-guide/","/electrical-guitar-company-101-guide/","post","200","Electrical Guitar Company 101: What You Need To Know","Electrical Guitar Company 101: What You Need To Know","https://www.electrikjam.com/electrical-guitar-company-101-guide/","Tonewood? Shove it up your arse. The Electrical Guitar Company uses aluminium and acrylic and other strange materials to make its guitars... ","945","6","from_wordpress_export"
"https://www.electrikjam.com/is-it-hard-to-learn-music-mastering-yes-heres-why/","/is-it-hard-to-learn-music-mastering-yes-heres-why/","post","200","Is It Hard To Learn Music Mastering? Yes – Here's Why...","Is It Hard To Learn Music Mastering? Yes – Here’s Why…","https://www.electrikjam.com/is-it-hard-to-learn-music-mastering-yes-heres-why/","So, you want to learn music mastering? Buckle up because I'm about to give you the unfiltered truth about what it really takes to become a mastering pro. ","731","8","from_wordpress_export"
"https://www.electrikjam.com/metal-music-mastering/","/metal-music-mastering/","post","200","Metal Music Mastering Secrets: 10x Your Mixes, Melt Faces","Metal Music Mastering Secrets: 10x Your Mixes, Melt Faces","https://www.electrikjam.com/metal-music-mastering/","Attention all metal heads, shredders, and aspiring audio engineers! Are you ready to take your mixes from ""meh"" to ""holy sh*t, that's heavy""? ","509","3","from_wordpress_export"
"https://www.electrikjam.com/how-to-make-home-recordings-sound-professional/","/how-to-make-home-recordings-sound-professional/","post","200","How To Make Your Home Recordings Sound Professional ","How To Make Your Home Recordings Sound Professional","https://www.electrikjam.com/how-to-make-home-recordings-sound-professional/","You can write the best track in the world but if its missing that final secret sauce it'll sound flat as a pancake. Here's how to make your home recordings sound professional","584","3","from_wordpress_export"
"https://www.electrikjam.com/naked-brunch-how-buzzo-made-the-new-melvins-album/","/naked-brunch-how-buzzo-made-the-new-melvins-album/","post","200","Naked Brunch: How Buzzo Made The New Melvins Album","Naked Brunch: How Buzzo Made The New Melvins Album","https://www.electrikjam.com/naked-brunch-how-buzzo-made-the-new-melvins-album/","In many ways, Tarantula Heart is the musical equivalent of Naked Lunch – a daring, experimental work that challenges the listener's perceptions and pushes the boundaries of what is possible in its respective medium. ","662","2","from_wordpress_export"
"https://www.electrikjam.com/melvins-tarantula-heart-review/","/melvins-tarantula-heart-review/","post","200","Melvins Tarantula Heart Review","Melvins “Tarantula Heart” Review: A Sonic Foray 4 Decades & Counting!","https://www.electrikjam.com/melvins-tarantula-heart-review/","The Melvins Tarantula Heart is an album that was not exactly planned, and that might be for the better! Today we explore an unconventional album from a legendary band. Melvins Tarantula Heart: An Album&#8230; With A Twist? At this point, a band like the Melvins are literally their own genre. If you play guitar in [&hellip;]","1905","8","from_wordpress_export"
"https://www.electrikjam.com/schecter-black-ops/","/schecter-black-ops/","post","200","Holy Schect! Schecter Drops New ""Black Ops"" T-Stylers For 2024","Holy Schect! Schecter Drops New “Black Ops” T-Stylers For 2024","https://www.electrikjam.com/schecter-black-ops/","Schecter Guitar Research has launched its latest line of electric guitars, the Black Ops series, featuring three covert single-cut models engineered for precision and power. Black Ops In 6, 7 AND 8 String Variants The Black Ops range includes three models: a standard six-string, a multi-scale seven-string, and an eight-string variant. Each guitar boasts a [&hellip;]","831","12","from_wordpress_export"
"https://www.electrikjam.com/is-ai-mastering-worth-it/","/is-ai-mastering-worth-it/","post","200","AI Mastering: Why It Isn't Worth It...","AI Mastering: Why It Isn’t Worth It…","https://www.electrikjam.com/is-ai-mastering-worth-it/","It seems like AI Mastering options are everywhere these days. Today we take a look at why it doesn't replace a human. AI Mastering: Plugins Galore&#8230; Audio mastering is the most important step in recording and producing music. It often gets looked over, and that is because mastering is hard and takes time to learn. [&hellip;]","2200","11","from_wordpress_export"
"https://www.electrikjam.com/how-much-does-music-mastering-cost-is-it-worth-it/","/how-much-does-music-mastering-cost-is-it-worth-it/","post","200","How Much Does Music Mastering Cost? (&amp; Is It Worth It?)","How Much Does Music Mastering Cost? (& Is It Worth It?)","https://www.electrikjam.com/how-much-does-music-mastering-cost-is-it-worth-it/","Mastering your music is very important. But music mastering can be very expensive. Is it worth it? Yes – here's everything you need to know...","1358","2","from_wordpress_export"
"https://www.electrikjam.com/audio-mastering/","/audio-mastering/","post","200","Audio Mastering 101: Everything A Beginner Needs To Know","Audio Mastering 101: Everything A Beginner Needs To Know","https://www.electrikjam.com/audio-mastering/","Audio mastering is the final sheen you apply to a song or album before it is packaged up released. Here’s everything you need to know…","1461","10","from_wordpress_export"
"https://www.electrikjam.com/mastodon-hushed-and-grim-review/","/mastodon-hushed-and-grim-review/","post","200","Mastodon Hushed and Grim Review: The New Magnum Opus? ","Mastodon Hushed and Grim Review: Big, Bold & Epic…","https://www.electrikjam.com/mastodon-hushed-and-grim-review/","The initial reviews for Mastodon’s Hushed and Grim record are appearing online and the consensus seems to be very positive – here’s what you need to know…","2928","9","from_wordpress_export"
"https://www.electrikjam.com/squier-contemporary-telecaster-review/","/squier-contemporary-telecaster-review/","post","200","Squier Contemporary Telecaster Review: The Metal Monster","Squier Contemporary Telecaster Review: The Metal Monster","https://www.electrikjam.com/squier-contemporary-telecaster-review/","The Squier Contemporary Telecaster is another great addition to the Contemporary Series made to shred. This axe is anything but traditional! ","2561","19","from_wordpress_export"
"https://www.electrikjam.com/how-to-sound-like-mastodon/","/how-to-sound-like-mastodon/","post","200","How to Sound Like Mastodon: A Guide for Guitarists","How to Sound Like Mastodon: A Guide for Guitarists","https://www.electrikjam.com/how-to-sound-like-mastodon/","What kind of guitar gear does one need to sound like Mastodon, you ask? Here’s everything you need to know (and a little bit more besides)…","2076","29","from_wordpress_export"
"https://www.electrikjam.com/best-harley-benton-telecaster/","/best-harley-benton-telecaster/","post","200","The 6 Best Harley Benton Telecaster Models RIGHT NOW [2024]","The 6 Best Harley Benton Telecaster Models RIGHT NOW [2024]","https://www.electrikjam.com/best-harley-benton-telecaster/","If you're looking for the best Harley Benton Telecaster to buy right now, here's six KILLER options that pack in oodles of tone and outstanding pickups...","3926","43","from_wordpress_export"
"https://www.electrikjam.com/boards-of-canada-gear-rundown/","/boards-of-canada-gear-rundown/","post","200","Boards of Canada Gear Rundown: Mesmerising Minimalism ","Boards of Canada Gear Rundown: Minimalist Tech Makes The Best Noises","https://www.electrikjam.com/boards-of-canada-gear-rundown/","When it comes to gear, Boards of Canada favor a less is more approach. And this is key to how they developed their iconic sound Scottish electronic music duo Boards of Canada, known for their ambient, downtempo style, have crafted a distinctive sound using a surprisingly minimalist setup. Despite the complex, layered nature of their [&hellip;]","751","3","from_wordpress_export"
"https://www.electrikjam.com/new-deftones-album/","/new-deftones-album/","post","200","New Deftones Album Release Date: It’s COMING In 2024","New Deftones Album Release Date: It’s COMING In 2024","https://www.electrikjam.com/new-deftones-album/","The Deftones follow-up to the Pandemic-era Ohms is set for release in 2024 – here’s everything you need to know ","653","2","from_wordpress_export"
"https://www.electrikjam.com/deftones-101-guide/","/deftones-101-guide/","post","200","Deftones 101: The Complete N00b's Guide ","Deftones 101: The Complete N00b Guide","https://www.electrikjam.com/deftones-101-guide/","Here's everything you need to know about Deftones, including the band's members, history, and their best albums","1956","22","from_wordpress_export"
"https://www.electrikjam.com/what-is-pro-tools/","/what-is-pro-tools/","post","200","Pro Tools 101: Everything You Need To Know [2024]","Pro Tools 101: Everything You Need To Know [2024]","https://www.electrikjam.com/what-is-pro-tools/","When it comes to DAWs, it would be impossible to talk about digital recording without talking about Pro Tools. Designed by Avid to be the industry standard, the DAW has come a long way and today we are going to explore every feature that makes it unique. [/snippet] Hardware & Peripherals Pro Tools began by [&hellip;]","3844","15","from_wordpress_export"
"https://www.electrikjam.com/what-is-fl-studio-everything-you-need-to-know/","/what-is-fl-studio-everything-you-need-to-know/","post","200","FL Studio 101: Everything You Need To Know In 2024","FL Studio 101: Everything You Need To Know In 2024","https://www.electrikjam.com/what-is-fl-studio-everything-you-need-to-know/","FL Studio used to go by ""Fruity Loops"" as I am sure many people remember. But as the DAW landscape changed, so did Image Line's #1 product. Today we go over the entirety of FL Studio, and look at the standout features.","3489","18","from_wordpress_export"
"https://www.electrikjam.com/what-is-ableton-live/","/what-is-ableton-live/","post","200","Ableton Live 101: What You Need To Know [2024]","Ableton Live 101: What You Need To Know [2024]","https://www.electrikjam.com/what-is-ableton-live/","Ableton Live is used by many producers in a wide span of genres as a primary DAW. Ableton Live can be used in a ton of different ways as both a stand-alone studio, as well as an on-stage assistant. Here's everything you need to know&#8230;","3974","37","from_wordpress_export"
"https://www.electrikjam.com/what-is-cubase/","/what-is-cubase/","post","200","Cubase 101: Literally Everything You Need To Know","Cubase 101: Literally Everything You Need To Know","https://www.electrikjam.com/what-is-cubase/","Used by plenty of professional musicians and producers, Cubase is a DAW that can do pretty much whatever you have in mind. Here's everything you need to know...","3038","33","from_wordpress_export"
"https://www.electrikjam.com/what-is-logic-pro/","/what-is-logic-pro/","post","200","Logic Pro 101: What You Need To Know in 2024","Logic Pro 101: What You Need To Know in 2024","https://www.electrikjam.com/what-is-logic-pro/","When it comes to powerhouse DAWs, Logic Pro is in a category all by itself. But what is Logic Pro, and how does it work?","4445","17","from_wordpress_export"
"https://www.electrikjam.com/revalver-5-review/","/revalver-5-review/","post","200","ReValver 5 Review: The Underdog Amp Sim?","ReValver 5 Review: The Underdog Amp Sim?","https://www.electrikjam.com/revalver-5-review/","ReValver 5 is now powered by HeadRush, a product we recommend often. But how does it hold up to other amp sim programs for your home studio?","2525","16","from_wordpress_export"
"https://www.electrikjam.com/djent-101/","/djent-101/","post","200","Djent 101: Everything You Need To Know","Djent 101: Everything You Need To Know","https://www.electrikjam.com/djent-101/","You’ve heard it mentioned in articles, talked about in bars where they serve artisanal craft beer, and you’re curious. What in the heck is djent? ","825","6","from_wordpress_export"
"https://www.electrikjam.com/sleepmakeswaves-its-here-but-i-have-no-names-for-it/","/sleepmakeswaves-its-here-but-i-have-no-names-for-it/","post","200","Sleepmakeswaves: ""It's Here, But I Have No Names For It"" Album Review","sleepmakeswaves: “It’s Here, But I Have No Names For It” Album Review","https://www.electrikjam.com/sleepmakeswaves-its-here-but-i-have-no-names-for-it/","That's right, sleepmakeswaves, the Australian post-rock band from the Myspace Era is not only still going strong, but also evolving. sleepmakeswaves: Back Again&#8230; The post-rock outfit sleepmakeswaves has been around since 2006, making some very interesting soundscapes. I have always had a soft spot for instrumental music, being a performer myself. But the thing about [&hellip;]","1799","2","from_wordpress_export"
"https://www.electrikjam.com/electric-wizard-members-discography-history/","/electric-wizard-members-discography-history/","post","200","Electric Wizard 101: Dorest's Dankest Doom Band...","Electric Wizard 101: Dorest’s Dankest Doom Band…","https://www.electrikjam.com/electric-wizard-members-discography-history/","History, band members, best album, influences – you'll find it all inside our Electric Wizard 101 guide Electric Wizard, hailing from Dorset, England, aren't just a band: they're an institution. Known for low-end fuzz, massive riffs, and a penchant for all things grim, the band has been a staple of the doom/stoner scene for decades. But [&hellip;]","1253","1","from_wordpress_export"
"https://www.electrikjam.com/line-6-pod-express-review/","/line-6-pod-express-review/","post","200","Line 6 POD Express Review: The Ultimate FX Pedal?","Line 6 POD Express Review: The Ultimate FX Pedal?","https://www.electrikjam.com/line-6-pod-express-review/","The new Line 6 POD Express is a return to form for the company, offering HX guitar tones in a pedal-sized platform. But how does it compare to the Helix? Line 6 POD Express: Looking At The Past&#8230; The Line 6 POD Express is the newest unit to utilize the Helix technology, after products like [&hellip;]","2249","14","from_wordpress_export"
"https://www.electrikjam.com/boss-katana-go-review/","/boss-katana-go-review/","post","200","BOSS Katana GO Review: The #1 Practice Tool?","BOSS Katana GO Review: The Best Practice Tool?","https://www.electrikjam.com/boss-katana-go-review/","The BOSS Katana GO just hit the market, and we have a lot to talk about. Can a portable version of the best-selling guitar amp meet our standards? The Katana GO: A Rich Legacy The BOSS Katana is one of the best-selling guitar amps of all time. Everyone from beginners to seasoned pros have become [&hellip;]","2289","11","from_wordpress_export"
"https://www.electrikjam.com/jimmy-page-50000-gibson-eds-1275-doubleneck/","/jimmy-page-50000-gibson-eds-1275-doubleneck/","post","200","Jimmy Page’s New Gibson Guitar Costs More Than A Tesla","Jimmy Page’s New Gibson Guitar Costs More Than A Tesla 3","https://www.electrikjam.com/jimmy-page-50000-gibson-eds-1275-doubleneck/","For $50,000, you could have a futuristic electric car like a Tesla Model 3 or… a whole lotta tone","448","5","from_wordpress_export"
"https://www.electrikjam.com/epiphone-dave-grohl-dg-335-price-release-date/","/epiphone-dave-grohl-dg-335-price-release-date/","post","200","The Epiphone Dave Grohl DG-335 is FINALLY Offical","The Epiphone Dave Grohl DG-335 is OFFICIAL","https://www.electrikjam.com/epiphone-dave-grohl-dg-335-price-release-date/","The The Epiphone Dave Grohl DG-335 – AKA the worst kept secret of 2024 – is finally official, and boy was it worth the wait…","580","2","from_wordpress_export"
"https://www.electrikjam.com/parts-of-an-electric-guitar/","/parts-of-an-electric-guitar/","post","200","The Parts of an Electric Guitar Explained: Beginner's Guide","The Parts of an Electric Guitar Explained: A Beginner’s Guide","https://www.electrikjam.com/parts-of-an-electric-guitar/","Here's a quick and simple breakdown of what all the parts of an electric guitar do, why they're important, and how they impact the tone and sound of your axe...","6895","68","from_wordpress_export"
"https://www.electrikjam.com/axe-fx-beginners-guide/","/axe-fx-beginners-guide/","post","200","Axe FX 101: The Complete Beginner's Guide [2024]","Axe FX 101: The Complete Beginner’s Guide [2024]","https://www.electrikjam.com/axe-fx-beginners-guide/","Steve Vai, Metallica, John Petrucci, John Mayer. They all use Axe FX. But what is it and how does it work? Here's everything you need to know…","2049","20","from_wordpress_export"
"https://www.electrikjam.com/axe-fx-alternatives/","/axe-fx-alternatives/","post","200","The 5 Best Cheap Axe-FX Alternatives [That Don’t Suck]","The 5 Best Cheap Axe-FX Alternatives [That Don’t Suck]","https://www.electrikjam.com/axe-fx-alternatives/","Axe-Fx is brilliant. It’s used by the pros. And it sounds incredible. But it is expensive. Here’s some cheaper alternatives for mere mortals that don’t suck","2380","21","from_wordpress_export"
"https://www.electrikjam.com/line-6-guide/","/line-6-guide/","post","200","Line 6 Guitar Effects: A Complete N00b's Guide [2024]","Line 6 Guitar Effects: A Complete N00b’s Guide [2024]","https://www.electrikjam.com/line-6-guide/","The ultimate guide to Line 6 – literally everything you need to know inside one post. All the products, how to use them, and guides on which Line 6 is best for you...

","4789","42","from_wordpress_export"
"https://www.electrikjam.com/thomann-70-years-deals/","/thomann-70-years-deals/","post","200","Thomann Turns 70! And It’s Celebrating With MEGA DEALS","Thomann Turns 70! And It’s Celebrating With MEGA DEALS","https://www.electrikjam.com/thomann-70-years-deals/","Thomann, the home of Harley Benton, turns 70 today. It's still a pup compared to Harrison Ford but it has some killer deals coming to celebrate the big day","331","1","from_wordpress_export"
"https://www.electrikjam.com/best-pickups-for-baritone-tele/","/best-pickups-for-baritone-tele/","post","200","Best Pickups for Baritone Telecaster: Here's What I'd Use...","Best Pickups for Baritone Telecaster: Here’s What I’d Use…","https://www.electrikjam.com/best-pickups-for-baritone-tele/","Baritone Telecasters, with their extended low-end growl, are perfect for delving into heavier music genres like metal, djent, prog-metal, and stuff like doom and stoner rock. But to truly tap into their potential, choosing the right pickups is crucial. Most baritone Teles come with either single coil pickups or P90s which means plenty of noise. [&hellip;]","525","12","from_wordpress_export"
"https://www.electrikjam.com/positive-grid-spark-link-a-quick-overview-what-it-does/","/positive-grid-spark-link-a-quick-overview-what-it-does/","post","200","Positive Grid Spark Link: A Quick Overview + What It Does","Positive Grid Spark Link: A Quick Overview + What It Does","https://www.electrikjam.com/positive-grid-spark-link-a-quick-overview-what-it-does/","Positive Grid has just waded into the wireless guitar system market with its Spark Link. Here's everything you need to know&#8230; The Spark Link is a wireless guitar system created by Positive Grid to provide cable-free playing with their Spark amplifier range. It also works with any other amplifier, making high-quality wireless functionality accessible to [&hellip;]","716","7","from_wordpress_export"
"https://www.electrikjam.com/gibson-jimmy-page-signature-guitars/","/gibson-jimmy-page-signature-guitars/","post","200","Gibson Confirms Slew of Jimmy Page Signature Models For 2024","Gibson Confirms Slew of Jimmy Page Signature Models For 2024","https://www.electrikjam.com/gibson-jimmy-page-signature-guitars/","Gibson Announces Signature Guitar Partnership with Led Zeppelin's Jimmy Page, kicking off with Page's famous 1971 Gibson EDS-1275 double neck guitar ","386","1","from_wordpress_export"
"https://www.electrikjam.com/adam-jones-epiphone-1979-les-paul-custom-price-release-date/","/adam-jones-epiphone-1979-les-paul-custom-price-release-date/","post","200","Adam Jones Epiphone 1979 Les Paul Custom Price &amp; Release Date","Adam Jones Epiphone 1979 Les Paul Custom Price & Release Date","https://www.electrikjam.com/adam-jones-epiphone-1979-les-paul-custom-price-release-date/","Here’s how much you’ll pay for the new Adam Jones Epiphone 1979 Les Paul Custom, and how it compares to its signature Gibson Les Paul model","632","6","from_wordpress_export"
"https://www.electrikjam.com/best-slayer-albums/","/best-slayer-albums/","post","200","Best Slayer Albums Ranked Best To Worst","Best Slayer Albums Ranked Best To Worst","https://www.electrikjam.com/best-slayer-albums/","What's the best Slayer album? Simple: Reign In Blood. Here's how all the other albums fall in line...","726","1","from_wordpress_export"
"https://www.electrikjam.com/slayer-new-shows/","/slayer-new-shows/","post","200","Slayer is BACK! Band Announces First New Shows In 5 Years","Slayer’s BACK! Trash Titans Announce First Shows In Five Years","https://www.electrikjam.com/slayer-new-shows/","Slayer are back and the band has just announced a slew of new shows, its first in five years…","529","1","from_wordpress_export"
"https://www.electrikjam.com/prs-se-ce-24-standard-satin-price/","/prs-se-ce-24-standard-satin-price/","post","200","PRS SE CE 24 Standard Satin Gets ""ALL-TIME"" Low Price Tag","PRS SE CE 24 Standard Satin Sets “ALL-TIME” Low For SE Pricing","https://www.electrikjam.com/prs-se-ce-24-standard-satin-price/","PRS is killing it right now. The SE range is brilliant but things just got even better with the launch of the PRS SE CE 24 Standard Satin","547","3","from_wordpress_export"
"https://www.electrikjam.com/ernie-ball-paradigm-strings/","/ernie-ball-paradigm-strings/","post","200","Are Ernie Ball Paradigm Strings Worth It? I Tested To Find Out","Are Ernie Ball Paradigm Strings Worth It? Here’s The Deal…","https://www.electrikjam.com/ernie-ball-paradigm-strings/","Longer life, better corrosion resistance, and enhanced tone over standard Slinkys. These are the claims made about Ernie Ball Paradigm strings. But do they stack up in real life?","605","7","from_wordpress_export"
"https://www.electrikjam.com/best-ernie-ball-strings-for-metal/","/best-ernie-ball-strings-for-metal/","post","200","Best Ernie Ball Strings For Metal: The ELECTRIKJAM Verdict","Best Ernie Ball Strings For Metal: My Top Picks Right Now","https://www.electrikjam.com/best-ernie-ball-strings-for-metal/","I've been playing for over 20 years and I nearly always use Ernie Ball strings. Here's a guide to the best Ernie Ball strings for metal based on years of testing and research","858","5","from_wordpress_export"
"https://www.electrikjam.com/new-gibson-guitars-2024/","/new-gibson-guitars-2024/","post","200","Gibson Just Dropped A SLEW of New Guitars For 2024","Gibson Just Dropped A SLEW of New Guitars For 2024","https://www.electrikjam.com/new-gibson-guitars-2024/","Gibson just released 11 new guitars, including the new 1959 ES-355 Reissue which, in the word’s of the brand, is the undoubted “belle of the ball”","576","11","from_wordpress_export"
"https://www.electrikjam.com/do-pros-use-squier-guitars/","/do-pros-use-squier-guitars/","post","200","More and More Pros Are Switching To Squier – Here's Why...","More and More Pros Are Switching To Squier Guitars – Here’s Why…","https://www.electrikjam.com/do-pros-use-squier-guitars/","Is a Squier guitar worth buying? Plenty of professional and well known guitarists happily use them. Maybe you should too… ","1109","14","from_wordpress_export"
"https://www.electrikjam.com/prs-se-series-guitars-guide/","/prs-se-series-guitars-guide/","post","200","PRS SE Series Guitars: The Ultimate Noob’s Guide [2023]","PRS SE Series Guitars: The Ultimate Noob’s Guide [2023]","https://www.electrikjam.com/prs-se-series-guitars-guide/","If you’re just getting au fait with guitar brands and you want to more about PRS SE series guitars, ELECTRIKJAM’s got your back. Here’s everything you need to know… ","1772","15","from_wordpress_export"
"https://www.electrikjam.com/adam-jones-gibson-les-paul-custom/","/adam-jones-gibson-les-paul-custom/","post","200","Adam Jones Gibson Les Paul Custom: The $15K Collector's Dream","Adam Jones Gibson Les Paul Custom: The $15K Collector’s Dream","https://www.electrikjam.com/adam-jones-gibson-les-paul-custom/","The Adam Jones 1979V2 Les Paul Custom is now discontinued and is one of the hottest collectors items on the guitar market. Here's everything you need to know...","899","8","from_wordpress_export"
"https://www.electrikjam.com/how-to-sound-like-adam-jones/","/how-to-sound-like-adam-jones/","post","200","How To Sound Like Adam Jones: The Gear You'll Need","How To Sound Like Adam Jones: The Gear You’ll Need","https://www.electrikjam.com/how-to-sound-like-adam-jones/","Wanna sound like Adam Jones on guitar? Here’s all the gear you’ll need (and tips on how to do it on the cheap)…","1418","20","from_wordpress_export"
"https://www.electrikjam.com/how-to-sound-like-jimi-hendrix/","/how-to-sound-like-jimi-hendrix/","post","200","How To Sound Like Jimi Hendrix: What You'll Need (Gear-Wise)","How To Sound Like Jimi Hendrix: The Essentials","https://www.electrikjam.com/how-to-sound-like-jimi-hendrix/","Wanna sound like Jimi Hendrix on guitar? Here's all the gear you'll need (and tips on how to do it on the cheap)...","890","19","from_wordpress_export"
"https://www.electrikjam.com/standard-tuning-guitar-explained-history/","/standard-tuning-guitar-explained-history/","post","200","Standard Tuning on Guitar Explained: Why It’s “The Standard”","Standard Tuning on Guitar Explained: Why It’s “The Standard”","https://www.electrikjam.com/standard-tuning-guitar-explained-history/","Standard tuning on a guitar is called “standard” for a reason. Here’s everything you need to know about standard tuning, including its history, why it is so popular, and how it came to be…","1428","14","from_wordpress_export"
"https://www.electrikjam.com/best-rock-metal-festivals-2024-uk-europe-the-usa/","/best-rock-metal-festivals-2024-uk-europe-the-usa/","post","200","Best Rock & Metal Festivals 2024 [UK, Europe & The USA]","Best Rock & Metal Festivals 2024 [UK, Europe & The USA]","https://www.electrikjam.com/best-rock-metal-festivals-2024-uk-europe-the-usa/","Here's a quick overview of the all the best rock and metal festivals happening in the UK, Europe, and the USA during 2024...","944","1","from_wordpress_export"
"https://www.electrikjam.com/bands-like-electric-wizard/","/bands-like-electric-wizard/","post","200","5 Bands Like Electric Wizard That'll Cave Your Head In","5 Bands Like Electric Wizard That’ll Cave Your Head In","https://www.electrikjam.com/bands-like-electric-wizard/","If you're looking for bands like Electric Wizard, we got your back – here's five outstanding doom and sludge metal bands that'll cave your head in...","1083","11","from_wordpress_export"
"https://www.electrikjam.com/bands-like-pallbearer/","/bands-like-pallbearer/","post","200","5 Bands Like Pallbearer You 100% Need In Your Life","5 Bands Like Pallbearer You 100% Need In Your Life","https://www.electrikjam.com/bands-like-pallbearer/","Like Pallbearer? Me too! They're great. But if you're looking for similar bands with a similar vibe, here's ELECTRIKJAM's top five picks to check out...","1584","13","from_wordpress_export"
"https://www.electrikjam.com/iconic-guitars-reorganization/","/iconic-guitars-reorganization/","post","200","Iconic Guitars Reorganization: Layoffs Due To Many Factors...","Iconic Guitars Reorganization: Layoffs Due To Many Factors…","https://www.electrikjam.com/iconic-guitars-reorganization/","The Iconic Guitars reorganization stems from several different issues, but it is not the guitars that's the problem.","2397","9","from_wordpress_export"
"https://www.electrikjam.com/solved-why-your-amp-sim-tone-sounds-wrong/","/solved-why-your-amp-sim-tone-sounds-wrong/","post","200","[SOLVED] Why Your Amp Sim Tone Sounds WRONG","[SOLVED] Why Your Amp Sim Tone Sounds WRONG","https://www.electrikjam.com/solved-why-your-amp-sim-tone-sounds-wrong/","Do you often wonder why your amp sim tone doesn't sound like the amps that they emulate? This quick fix will save you a lot of headaches. ","2192","11","from_wordpress_export"
"https://www.electrikjam.com/bands-like-ghost/","/bands-like-ghost/","post","200","Bands Like Ghost You Should Definitely Check Out","Bands Like Ghost You Should Definitely Check Out","https://www.electrikjam.com/bands-like-ghost/","Like Ghost? Looking for similar-sounding bands? ELECTRIKJAM has got your back. Here's a slew of bands from the past and present that have a similar vibe to Ghost...","2200","11","from_wordpress_export"
"https://www.electrikjam.com/bands-like-eyehategod/","/bands-like-eyehategod/","post","200","13 Bands Like EYEHATEGOD You Need in Your Life","13 Bands Like EYEHATEGOD You Need in Your Life","https://www.electrikjam.com/bands-like-eyehategod/","Here's 13 bands like EYEHATEGOD that all aspiring sludge and doom chin-strokers will love, from new acts to icons like SLEEP and Buzzov•en EYEHATEGOD need no introduction. The band has been caving heads in with its slow, sludge-soaked riffs and howling vocals since the late eighties – they formed in 1988. Pioneers, they are and they’re [&hellip;]","984","16","from_wordpress_export"
"https://www.electrikjam.com/most-iconic-dreadnought-guitars-all-time/","/most-iconic-dreadnought-guitars-all-time/","post","200","The Top 5 Most Iconic Dreadnought Guitars of All Time","The Top 5 Most Iconic Dreadnought Guitars of All Time","https://www.electrikjam.com/most-iconic-dreadnought-guitars-all-time/","When it comes to dreadnought guitars, there's plenty to choose from. But if your pockets are deep enough these are the five most iconic models ever released","2189","7","from_wordpress_export"
"https://www.electrikjam.com/history-of-dreadnought-acoustic-guitar/","/history-of-dreadnought-acoustic-guitar/","post","200","A Brief History of The Dreadnought Acoustic Guitar – AKA ""The Big Gun""","A Brief History of The Dreadnought Acoustic Guitar – AKA “The Big Gun”","https://www.electrikjam.com/history-of-dreadnought-acoustic-guitar/","The dreadnought acoustic guitar is legendary. Beloved for its tonal abilities and booming sound, it is a true icon with a rich history. And here’s how it all began way back when… The dreadnought acoustic guitar, with its distinctive shape and rich sound, has a storied past that's as fascinating as the music it has [&hellip;]","2383","6","from_wordpress_export"
"https://www.electrikjam.com/cubase-13-system-requirements/","/cubase-13-system-requirements/","post","200","Cubase 13 System Requirements: What You Need To Know","Cubase 13 System Requirements: What You Need To Know","https://www.electrikjam.com/cubase-13-system-requirements/","How much RAM do you need to run Cubase 13? What about CPU power? Here's literally everything you need to know about the system requirements for Cubase 13...","1207","9","from_wordpress_export"
"https://www.electrikjam.com/cubase-13-release-date-new-features-rumors/","/cubase-13-release-date-new-features-rumors/","post","200","Cubase 13 Release Date &amp; New Features Detailed [UPDATED]","Cubase 13 Release Date & New Features: What You Need To Know","https://www.electrikjam.com/cubase-13-release-date-new-features-rumors/","Here's everything you need to know about Cubase 13, including all the latest leaks, its rumored release date, and what you can expect with respect to updates and new features..","2827","20","from_wordpress_export"
"https://www.electrikjam.com/best-doom-albums/","/best-doom-albums/","post","200","The 25 ""Most Essential"" Best Doom Albums of All Time ","The 25 Most Essential Doom Albums of All Time – 1970 to 2020s","https://www.electrikjam.com/best-doom-albums/","Doom. Your mom probably don't like it but we freakin' live for the stuff. Here's ELECTRIKJAM's picks for the 25 most essential doom albums of ALL TIME...","670","6","from_wordpress_export"
"https://www.electrikjam.com/best-ghost-album/","/best-ghost-album/","post","200","Best Ghost Album (Ranked From Best To Worst)","Best Ghost Albums Ranked [Best To Worst]","https://www.electrikjam.com/best-ghost-album/","Ghost’s new album, IMPERA, just dropped. The band now has five studio albums under its belt. But what is the best Ghost album – and which is the worst? Here’s my two cents…","2432","13","from_wordpress_export"
"https://www.electrikjam.com/is-your-fender-stratocaster-real-how-to-check/","/is-your-fender-stratocaster-real-how-to-check/","post","200","Is Your Fender Stratocaster Real? Here's How To Check...","Is Your Fender Stratocaster Real? Here’s How To Check…","https://www.electrikjam.com/is-your-fender-stratocaster-real-how-to-check/","How can I tell if my Fender Stratocaster is real? Simple: follow these steps. By the end, you'll know if your guitar is legit or a counterfeit. 
","584","17","from_wordpress_export"
"https://www.electrikjam.com/the-best-metal-albums-of-2023/","/the-best-metal-albums-of-2023/","post","200","The Best Metal Albums of 2023: What An Amazing Year!","The Best Metal Albums of 2023: What An Amazing Year!","https://www.electrikjam.com/the-best-metal-albums-of-2023/","The year is almost over, and the best metal albums of 2023 is diverse, so there's something for everyone in this list.","2685","8","from_wordpress_export"
"https://www.electrikjam.com/better-lovers-album-review/","/better-lovers-album-review/","post","200","Better Lovers ""God Made Me An Animal"" Album Overview: 2023's Best Supergroup?","Better Lovers “God Made Me An Animal” Album Overview: 2023’s Best Supergroup?","https://www.electrikjam.com/better-lovers-album-review/","Better Lovers is born out of pivotal bands that I was sad to see breakup over the last few years. In that respect, this might be the album that not only trailblazes new sounds, but brings a hint of needed nostalgia as well. Better Lovers: The Ultimate Metal Supergroup? I saw Dillinger Escape Plan several [&hellip;]","2640","1","from_wordpress_export"
"https://www.electrikjam.com/ibanez-rg570/","/ibanez-rg570/","post","200","Old School Classics: Looking Back At The Ibanez RG570 ","Old School Classics: Looking Back At The Ibanez RG570 ","https://www.electrikjam.com/ibanez-rg570/","We take a look back at the iconic Ibanez RG570, looking at what made it so special and who played one back in the day…","1236","15","from_wordpress_export"
"https://www.electrikjam.com/alabs-guitar-pedals-preview/","/alabs-guitar-pedals-preview/","post","200","ALABS Guitar Pedals Preview: Introducing 4 Adventurous  Sonic Palates","ALABS Guitar Pedals Preview: Introducing 4 Adventurous  Sonic Palates","https://www.electrikjam.com/alabs-guitar-pedals-preview/","ALABS Guitar Pedals is a brand new company out of Singapore, a group of self-professed ""music nerds"" on a mission to make some killer tones. ","2636","4","from_wordpress_export"
"https://www.electrikjam.com/what-guitar-does-dimebag-darrell-use/","/what-guitar-does-dimebag-darrell-use/","post","200","What Guitar Does Dimebag Darrell Use? A Complete Overview ","What Guitar Does Dimebag Darrell Use?","https://www.electrikjam.com/what-guitar-does-dimebag-darrell-use/","Here is the exact guitar and model used by Dimebag Darrell, perhaps one of the greatest metal guitarists to ever walk the stage (plus details on how to buy similar but cheaper alternatives)...","1376","13","from_wordpress_export"
"https://www.electrikjam.com/download-2024-lineup/","/download-2024-lineup/","post","200","DOWNLOAD 2024 Lineup: 80 Bands + One, Massive Surprise Act","Here’s The DOWNLOAD 2024 Lineup: 80 Bands + One, Massive Surprise Act","https://www.electrikjam.com/download-2024-lineup/","The Download Festival 2024 is back with a lineup that's turning heads – and not entirely in a good way. Here's everything you need to know...","530","4","from_wordpress_export"
"https://www.electrikjam.com/ibanez-signature-guitars/","/ibanez-signature-guitars/","post","200","Ibanez Signature Guitars: A Complete Overview [2023]","Ibanez Signature Guitars: A Complete Overview [2023]","https://www.electrikjam.com/ibanez-signature-guitars/","Here's a complete run down and comparative look at Ibanez's extensive range of signature guitars for 2023 and beyond...","4447","30","from_wordpress_export"
"https://www.electrikjam.com/harley-benton-sc-500-buying-guide/","/harley-benton-sc-500-buying-guide/","post","200","Harley Benton SC-500: The Good, The Bad, &amp; The Must-Knows","Harley Benton SC-500: The Good, The Bad, & The Must-Knows","https://www.electrikjam.com/harley-benton-sc-500-buying-guide/","It's cheap, it looks fantastic, and it comes with a gig-bag and free recording software. But is all as it seems with the Harley Benton SC-500? Here's my 2 cents...","2281","12","from_wordpress_export"
"https://www.electrikjam.com/neural-amp-modeler/","/neural-amp-modeler/","post","200","Neural Amp Modeler: How I'm Using This Open-Source Amp Sim","Neural Amp Modeler: How I’m Using This Open-Source Amp Sim","https://www.electrikjam.com/neural-amp-modeler/","What is Neural Amp Modeler? What does NAM do, and how does it work? Today we check out this FREE amp sim.","4332","20","from_wordpress_export"
"https://www.electrikjam.com/what-guitar-does-tony-iommi-use-a-complete-overview/","/what-guitar-does-tony-iommi-use-a-complete-overview/","post","200","What Guitar Does Tony Iommi Use? A Complete Overview  ","What Guitar Does Tony Iommi Use? A Complete Overview","https://www.electrikjam.com/what-guitar-does-tony-iommi-use-a-complete-overview/","What guitar does Tony Iommi use? Here's everything you need to about the guitar behind Black Sabbath's iconic sound...","718","8","from_wordpress_export"
"https://www.electrikjam.com/best-guitar-for-beginners/","/best-guitar-for-beginners/","post","200","Best Guitar For Beginners: 6 Insanely Great Options [2023]","Best Guitar For Beginners: 6 Insanely Great Options [2023]","https://www.electrikjam.com/best-guitar-for-beginners/","What's the BEST guitar for beginners w/ respect to price, features, and overall playability? We've tested hundreds over the years – here's our #1 picks for 2023","1771","4","from_wordpress_export"
"https://www.electrikjam.com/is-pro-tools-good-for-beginners/","/is-pro-tools-good-for-beginners/","post","200","Is Pro Tools Good for Beginners? 3 Pros and Cons of The Powerful DAW","Is Pro Tools Good for Beginners? 3 Pros and Cons of The Powerful DAW","https://www.electrikjam.com/is-pro-tools-good-for-beginners/","There are many features that make Pro Tools good for beginners, but there are also some considerations to take into account. Today we look at the famous DAW from both sides, so you can choose wisely as a beginner producer. Is Pro Tools Good for Beginners? Picking The Right DAW When it comes to diving [&hellip;]","1838","1","from_wordpress_export"
"https://www.electrikjam.com/is-logic-pro-good-for-beginners/","/is-logic-pro-good-for-beginners/","post","200","Is Logic Pro Good For Beginners? Exploring the Pros and Cons... ","Is Logic Pro Good For Beginners? Exploring the Pros and Cons…","https://www.electrikjam.com/is-logic-pro-good-for-beginners/","Many budding producers wonder ""Is Logic Pro good for beginners like me?"" and the answer is actually quite complicated. It might be the perfect DAW to start out with, but there are also some considerations. Today we go over the features of Apple's famous DAW. How is Logic Pro Good for Beginners? Pros & Cons [&hellip;]","2505","1","from_wordpress_export"
"https://www.electrikjam.com/who-plays-fender-jazzmaster/","/who-plays-fender-jazzmaster/","post","200","Who Plays Fender Jazzmaster? Legends. That’s Who…","Who Plays Fender Jazzmaster? Legends. That’s Who…","https://www.electrikjam.com/who-plays-fender-jazzmaster/","The Fender Jazzmaster isn’t as well known as the Stat or Tele but it is still an icon used and beloved by some of the best guitarists to ever grace the stage…","1840","23","from_wordpress_export"
"https://www.electrikjam.com/heres-tom-delonges-new-customized-fender-starcaster/","/heres-tom-delonges-new-customized-fender-starcaster/","post","200","Here’s Tom DeLonge’s New Customized Fender Starcaster…","Here’s Tom DeLonge’s New Customized Fender Starcaster…","https://www.electrikjam.com/heres-tom-delonges-new-customized-fender-starcaster/","New Fender Starcaster Gets Tom DeLonge's Unique Touch...","276","0","from_wordpress_export"
"https://www.electrikjam.com/epiphone-matt-heafy-origins-review/","/epiphone-matt-heafy-origins-review/","post","200","Epiphone Matt Heafy Origins Review: Incredible 6 And 7 String BEASTS!","Epiphone Matt Heafy Origins Review: Incredible 6 And 7 String BEASTS!","https://www.electrikjam.com/epiphone-matt-heafy-origins-review/","The Epiphone Matt Heafy Origins Les Paul has hit the market, and there are some significant upgrades over the original! Today we take it for a spin!","3515","28","from_wordpress_export"
"https://www.electrikjam.com/jim-root-signature-guitars/","/jim-root-signature-guitars/","post","200","Jim Root Signature Guitars: A Detailed Overview [2023]","Jim Root Signature Guitars: A Detailed Overview","https://www.electrikjam.com/jim-root-signature-guitars/","Here's everything you need to know about Jim Root signature guitars, what makes them so special, and why – if you got the cash – they're a solid investment...","1392","11","from_wordpress_export"
"https://www.electrikjam.com/is-fl-studio-good-for-beginners/","/is-fl-studio-good-for-beginners/","post","200","Is FL Studio Good For Beginners? The 4 Main Features To Consider…","Is FL Studio Good For Beginners? The 4 Main Features To Consider…","https://www.electrikjam.com/is-fl-studio-good-for-beginners/","Is FL Studio good for beginners? This is a question many would-be producers ask and the answer is mostly ""yes"" with a few caveats. Today we break down the 4 main components that would attract beginners, as well as some considerations. Is FL Studio Good For Beginners? In the world of digital audio workstations (DAWs), [&hellip;]","2601","2","from_wordpress_export"
"https://www.electrikjam.com/who-plays-fender-thinline-telecaster/","/who-plays-fender-thinline-telecaster/","post","200","Who Plays Fender Telecaster Thinline? Legends. That's Who...","Who Plays Fender Telecaster Thinline? Legends. That’s Who…","https://www.electrikjam.com/who-plays-fender-thinline-telecaster/","Here's a list of just some of the guitar icons that have used Fender Telecaster Thinline guitars during the past 50 years or so...","583","7","from_wordpress_export"
"https://www.electrikjam.com/fender-telecaster-thinline-guide-history/","/fender-telecaster-thinline-guide-history/","post","200","Fender Telecaster Thinline: A Brief History &amp; Why It Matters","Fender Telecaster Thinline: A Brief History & Why It Matters","https://www.electrikjam.com/fender-telecaster-thinline-guide-history/","The Fender Telecaster Thinline is more than just a guitar— it was a riff on the classic Tele design with a twist of something special. And during the era when it launched, this was kind of a big deal. Why? Read on and we'll explain. But one of the biggest reasons we love this model [&hellip;]","1579","22","from_wordpress_export"
"https://www.electrikjam.com/7-string-guitar-tuning/","/7-string-guitar-tuning/","post","200","7 String Guitar Tuning: A Complete Beginner's Guide","7 String Guitar Tuning: A Complete Beginner’s Guide","https://www.electrikjam.com/7-string-guitar-tuning/","Here's a complete beginner friendly guide on how to tune a 7-string guitar, covering everything from Standard Tuning for 7-string guitars to more exotic, lower tunings you can try...","1594","26","from_wordpress_export"
"https://www.electrikjam.com/the-complete-guide-to-7-string-guitar/","/the-complete-guide-to-7-string-guitar/","post","200","7 String Guitars: The Ultimate Beginner's Guide [2023]","7 String Guitars: The Ultimate Beginner’s Guide [2023]","https://www.electrikjam.com/the-complete-guide-to-7-string-guitar/","It has been a long time since 7 String guitars first popped up. In fact, it's been over 30 years. But where did they come from? We Have all the answers for you.","2402","30","from_wordpress_export"
"https://www.electrikjam.com/fl-studio-version-history/","/fl-studio-version-history/","post","200","FL Studio Version History: From Fruity Loops to Beat-Making Phenomenon!","FL Studio Version History: From Fruity Loops to Beat-Making Phenomenon!","https://www.electrikjam.com/fl-studio-version-history/","Today we take a look at the FL Studio version history, from the humble beginnings to the incredible DAW powerhouse it is today!","1969","1","from_wordpress_export"
"https://www.electrikjam.com/thomann-usa-shipping-times-costs-a-complete-guide/","/thomann-usa-shipping-times-costs-a-complete-guide/","post","200","Thomann USA: Shipping Times &amp; Costs – A Complete Guide","Thomann USA: Shipping Times & Costs – A Complete Guide","https://www.electrikjam.com/thomann-usa-shipping-times-costs-a-complete-guide/","Thomann is a massive European-based guitar and musical instruments retailer. But is Thomann USA any good? Here’s what you need to know… Gear. We’re all addicted to it in one way or another. And like any good addict, we need a good, reliable supplier. In the US, we have Guitar Center and Sweet Water – two [&hellip;]","1398","13","from_wordpress_export"
"https://www.electrikjam.com/2024-prs-se-lineup-unveiled-new-models-expanded-color-range/","/2024-prs-se-lineup-unveiled-new-models-expanded-color-range/","post","200","2024 PRS SE Lineup Unveiled: New Models, Expanded Color Range","2024 PRS SE Lineup Unveiled: New Models, Expanded Color Range","https://www.electrikjam.com/2024-prs-se-lineup-unveiled-new-models-expanded-color-range/","PRS has released its 2024 SE Series lineup, featuring new models and updated color options tailored to diverse musician preferences","675","11","from_wordpress_export"
"https://www.electrikjam.com/positive-grid-spark-cab/","/positive-grid-spark-cab/","post","200","Positive Grid Unveils The Spark CAB: Here's The Deets...","Positive Grid Unveils The Spark CAB: A 140W FRFR With A Decent Price Tag","https://www.electrikjam.com/positive-grid-spark-cab/","Positive Grid has just released a new 140W FRFR speaker called The Spark Cab. Here's everything you need to know&#8230; Positive Grid made waves in the music industry with its Spark Amp, and now it is back with some new hardware: a 140W FRFR speaker called The Spark Cab. FRFR speakers are all the rage [&hellip;]","604","4","from_wordpress_export"
"https://www.electrikjam.com/studio-one-version-history/","/studio-one-version-history/","post","200","Studio One Version History: 14 years Of Inspired Innovation","Studio One Version History: 14 years Of Inspired Innovation","https://www.electrikjam.com/studio-one-version-history/","The full PreSonus Studio One version history is pretty interesting since the DAW is relatively new, comparatively. So how did we get to the most recent version of Studio One? Today we go over all of the features that were added over the years. Studio One Version History: How Did We Get Here? In the [&hellip;]","2660","3","from_wordpress_export"
"https://www.electrikjam.com/is-studio-one-easy-to-use-all-you-need-to-know/","/is-studio-one-easy-to-use-all-you-need-to-know/","post","200","Is Studio One Easy To Use? All You Need To Know…","Is Studio One Easy To Use? All You Need To Know…","https://www.electrikjam.com/is-studio-one-easy-to-use-all-you-need-to-know/","PreSonus has a ton of budget offerings for the studio world, but is Studio One easy to use? Today we go over the reasons why this might be the perfect DAW to start with, as well as some considerations to take into account as a beginner. Is Studio One Easy To Use? A Beginner's Guide [&hellip;]","2074","16","from_wordpress_export"
"https://www.electrikjam.com/studio-one-6-artist-vs-studio-one-6-professional/","/studio-one-6-artist-vs-studio-one-6-professional/","post","200","Studio One 6 Artist vs Studio One 6 Professional","Studio One 6 Artist vs Studio One 6 Professional: Which One is Right For You?","https://www.electrikjam.com/studio-one-6-artist-vs-studio-one-6-professional/","When it comes to Studio One 6 Artist vs Studio One 6 Professional, one will offer what you need as a producer, but which one is the best? Today we take a look at both, and compare features of both so you can make an informed decision. Studio One 6 Artist vs Studio One 6 [&hellip;]","2094","7","from_wordpress_export"
"https://www.electrikjam.com/beginner-music-theory-for-guitarists/","/beginner-music-theory-for-guitarists/","post","200","Beginner Music Theory For Guitarists: The #1 Way To Improve","Beginner Music Theory For Guitarists: The #1 Way To Level Up Your Playing!","https://www.electrikjam.com/beginner-music-theory-for-guitarists/","There are plenty of jokes about guitarists being afraid of learning even basic, beginner music theory. Today we are going to walk you through how to get started, the easy way. If you have played guitar for any amount of time, you have probably seen the memes about music theory and stubborn guitar players. They [&hellip;]","4707","24","from_wordpress_export"
"https://www.electrikjam.com/do-guitarists-know-every-scale/","/do-guitarists-know-every-scale/","post","200","Do Guitarists Know Every Scale? The #1 Secret To Improvising...","Do Guitarists Know Every Scale? The #1 Secret To Improvising…","https://www.electrikjam.com/do-guitarists-know-every-scale/","How do you play solos right off the top of your head? Do guitarists know every scale? Today we break it all down","1847","15","from_wordpress_export"
"https://www.electrikjam.com/most-commonly-used-chord-progressions-rock-music/","/most-commonly-used-chord-progressions-rock-music/","post","200","The 5 Most Commonly Used Chord Progressions In Rock","The 5 Most Commonly Used Chord Progressions In Rock","https://www.electrikjam.com/most-commonly-used-chord-progressions-rock-music/","Use and memorise these five most commonly used chord progressions to instantly make you’re playing sound more professional – here’s everything you need to know…","1942","17","from_wordpress_export"
"https://www.electrikjam.com/memorizing-guitar-scales-101/","/memorizing-guitar-scales-101/","post","200","Memorizing Guitar Scales 101: Awesome Tools For Beginner Guitarists","Memorizing Guitar Scales 101: Awesome Tools For Beginner Guitarists","https://www.electrikjam.com/memorizing-guitar-scales-101/","If you want to start playing solos, you want to make memorizing guitar scales a priority. The Major and Minor Scales are important steps to starting your journey. Today we check out the easiest ways to harness your memory skills! Memorizing Guitar Scales: We All Have To Do It! I think a lot of us [&hellip;]","2774","18","from_wordpress_export"
"https://www.electrikjam.com/how-to-connect-spark-amp-to-computer-a-beginners-guide/","/how-to-connect-spark-amp-to-computer-a-beginners-guide/","post","200","How to Connect Spark Amp to Computer: A Beginner's Guide","How to Connect Spark Amp to Computer: A Beginner’s Guide","https://www.electrikjam.com/how-to-connect-spark-amp-to-computer-a-beginners-guide/","In this quick guide, we'll show you how to connect your Spark Amp to your computer. The process is fairly simple and easy to do, so just follow the steps below... ","717","13","from_wordpress_export"
"https://www.electrikjam.com/fender-meteora-vs-fender-telecaster-which-is-best/","/fender-meteora-vs-fender-telecaster-which-is-best/","post","200","Fender Meteora vs Fender Telecaster: Which Is Best?","Fender Meteora vs Fender Telecaster: Which Is Best?","https://www.electrikjam.com/fender-meteora-vs-fender-telecaster-which-is-best/","The Fender Telecaster is a classic, tried and tested and beloved by all. The Fender Meteora is newer, more unique-looking and different. But who comes out on top in a straight-up comparison? Let's find out When it comes to iconic guitar brands, Fender is a name that stands out. But with a plethora of models [&hellip;]","1891","18","from_wordpress_export"
"https://www.electrikjam.com/how-to-set-up-fender-meteora/","/how-to-set-up-fender-meteora/","post","200","How to Set Up Fender Meteora: Pro Tips &amp; Tricks","How to Set Up Fender Meteora: Pro Tips & Tricks","https://www.electrikjam.com/how-to-set-up-fender-meteora/","Here's a quick and simple guide ALL about how to properly set up the Fender Meteora, complete with video overviews of how to do each one...","864","9","from_wordpress_export"
"https://www.electrikjam.com/best-midi-keyboards/","/best-midi-keyboards/","post","200","Best MIDI Keyboards: The Essential Budget &amp; Premium Options","Best MIDI Keyboards: The Essential Budget & Premium Options","https://www.electrikjam.com/best-midi-keyboards/","Here's the definitive list of MIDI keyboards you absolutely need to check out in 2023. Trust me, these are the controllers that'll take your music production to the next level.","1442","10","from_wordpress_export"
"https://www.electrikjam.com/akai-professional-mpk-mini-mk3-review-all-killer-no-filler/","/akai-professional-mpk-mini-mk3-review-all-killer-no-filler/","post","200","Akai Professional MPK Mini MK3 Review: All Killer, No Filler?","Akai Professional MPK Mini MK3 Review: All Killer, No Filler?","https://www.electrikjam.com/akai-professional-mpk-mini-mk3-review-all-killer-no-filler/","If you're in the market for a budget MIDI keyboard, you've probably come across the Akai Professional MPK Mini MK3. But is it any good? Let's find out...","2163","13","from_wordpress_export"
"https://www.electrikjam.com/use-your-keyboard-as-a-midi-controller-in-ableton-a-complete-guide/","/use-your-keyboard-as-a-midi-controller-in-ableton-a-complete-guide/","post","200","How To Use Your Keyboard as a MIDI Controller In Ableton","Use Your Keyboard as a MIDI Controller In Ableton: A Complete Guide","https://www.electrikjam.com/use-your-keyboard-as-a-midi-controller-in-ableton-a-complete-guide/","In this guide, we'll walk you through how to set up and use your keyboard as a MIDI controller in Ableton Live.","1665","26","from_wordpress_export"
"https://www.electrikjam.com/baroness-stone-review/","/baroness-stone-review/","post","200","Baroness ""Stone"" Review: A Surreal Journey And Giant Creative Leap","Baroness “STONE” Review: A Surreal Journey And Giant Creative Leap","https://www.electrikjam.com/baroness-stone-review/","We have a lot to say about the most recent album from Baroness, ""STONE"". The Georgia natives have made some serious sonic changes, and quite possibly unlocked their full artistic potential&#8230;for the sixth time. Baroness: Fond memories & A New Beginning John Baizley founded Baroness in Savannah, Georgia, in 2003. Local/regional punk-hardcore scenes harbored the [&hellip;]","2948","6","from_wordpress_export"
"https://www.electrikjam.com/what-is-presonus-studio-one/","/what-is-presonus-studio-one/","post","200","What is PreSonus Studio One 5? Everything You Need To Know...","What is PreSonus Studio One? Everything You Need To Know…","https://www.electrikjam.com/what-is-presonus-studio-one/","Studio One is a DAW application that can be used to create, record, mix, and master music and other audio. It was first released in 2009 for macOS and Microsoft Windows. How does it stack up against other DAWs? Today we do a deep-dive into this expansive DAW. What is PreSonus Studio One? DAW Simplicity PreSonus [&hellip;]","4832","32","from_wordpress_export"
"https://www.electrikjam.com/schecter-sunset-triad-review/","/schecter-sunset-triad-review/","post","200","Schecter Sunset Triad Review: Unique 6 & 7 String Behemoths!","Schecter Sunset Triad Review: Unique 6 & 7 String Behemoths!","https://www.electrikjam.com/schecter-sunset-triad-review/","The Schecter Sunset Triad has been making some serious waves around the internet. These two new models offer a lot of tonality, with the spotlight on the unique pickup layout. Today we take a look at how it works, and why you might want to snag one of these! The Schecter Sunset Triad: Crazy Innovation! [&hellip;]","2370","17","from_wordpress_export"
"https://www.electrikjam.com/is-ableton-live-intro-worth-it/","/is-ableton-live-intro-worth-it/","post","200","Is Ableton Live Intro Worth It? Weighing Value and Features for Beginners","Is Ableton Live Intro Worth It? Weighing Value and Features for Beginners","https://www.electrikjam.com/is-ableton-live-intro-worth-it/","Is Ableton Live Intro worth it? Today we compare the features from a beginner's perspective, as well as the experienced producer. Let's look at what Intro has to offer!","1561","6","from_wordpress_export"
"https://www.electrikjam.com/is-ableton-live-easy-to-use/","/is-ableton-live-easy-to-use/","post","200","Is Ableton Live Easy To Use? Understanding a User-Friendly DAW","Is Ableton Live Easy To Use? Understanding a User-Friendly DAW","https://www.electrikjam.com/is-ableton-live-easy-to-use/","Music production can be very intimidating to beginners, and you may be wondering if something like Ableton Live is easy to use for beginners. Today we take a look at the features that makes Ableton a great DAW to ignite your creativity. Is Ableton Live Easy To Use For Beginners? The question ""Is Ableton Live [&hellip;]","1586","7","from_wordpress_export"
"https://www.electrikjam.com/how-much-does-ableton-live-cost/","/how-much-does-ableton-live-cost/","post","200","How Much Does Ableton Live Cost? An Easy Comparison...","How Much Does Ableton Live Cost? An Easy Comparison…","https://www.electrikjam.com/how-much-does-ableton-live-cost/","How Much Does Ableton Live Cost? It depends on which version you want to go with-there's Intro, Standard, and Suite. They are all different, and offer key features. Here's everything you need to know about pricing. If you are just getting your feet wet when it comes to audio production, Ableton Live might already be [&hellip;]","1574","0","from_wordpress_export"
"https://www.electrikjam.com/ultimate-schecter-guitars-buyers-guide-2023/","/ultimate-schecter-guitars-buyers-guide-2023/","post","200","The Ultimate Schecter Guitars Buyer’s Guide [2023]","The Ultimate Schecter Guitars Buyer’s Guide [2023]","https://www.electrikjam.com/ultimate-schecter-guitars-buyers-guide-2023/","Schecter Guitars have a long, rich history that goes beyond just making guitars for Metal. This guide will tell you everything you need to know about Schecter, so you make an informed purchase! Schecter Guitars: An Introduction To A legacy! Schecter guitars have been a staple of the guitar community for a very long time, [&hellip;]","9338","41","from_wordpress_export"
"https://www.electrikjam.com/david-ross-spellbook-pedal-review/","/david-ross-spellbook-pedal-review/","post","200","David Ross Musical Instruments Spellbook Pedal Review: 3 Modes of Fuzzy Oscillation!","David Ross Musical Instruments Spellbook Pedal Review: 3 Modes of Fuzzy Oscillation!","https://www.electrikjam.com/david-ross-spellbook-pedal-review/","David Ross is no stranger to making interesting pedals and effects, and the new Spellbook pedal is a magical fuzz that mimics analog synths. This pedal is nuts, and today we check it out! The Spellbook Pedal: Innovation & Creativity Wins Again David Ross Musical Instruments really impressed us with the Winter Strom Pedal just [&hellip;]","2374","9","from_wordpress_export"
"https://www.electrikjam.com/cubase-12-vs-pro-tools-studio/","/cubase-12-vs-pro-tools-studio/","post","200","Cubase 12 vs. Pro Tools Studio: The Mainstream Powerhouses of Music Production","Cubase 12 vs. Pro Tools Studio: The Mainstream Powerhouses of Music Production","https://www.electrikjam.com/cubase-12-vs-pro-tools-studio/","The professional studio world usually comes down to two choices: Cubase 12 vs. Pro Tools Studio. While we have many DAW comparisons, this may be the toughest yet. Strap in, and let's compare the two biggest DAW platforms in the world. Cubase 12 vs. Pro Tools Studio: The Two Heavyweights We have been exploring Cubase [&hellip;]","4388","15","from_wordpress_export"
"https://www.electrikjam.com/cubase-12-vs-ableton-live-11/","/cubase-12-vs-ableton-live-11/","post","200","Cubase 12 vs. Ableton Live 11: Two Creative Powerhouse DAW Platforms","Cubase 12 vs. Ableton Live 11: Two Creative Powerhouse DAW Platforms","https://www.electrikjam.com/cubase-12-vs-ableton-live-11/","When it comes to Cubase 12 vs. Ableton Live 11, the two DAWs have a lot to offer to artists. But which one is the right fit for you? Today we take a look at both, and go over the pros and cons from both a novice point of view, as well as the professional [&hellip;]","2270","9","from_wordpress_export"
"https://www.electrikjam.com/cubase-vs-fruity-loops-studio/","/cubase-vs-fruity-loops-studio/","post","200","Cubase vs. Fruity Loops Studio: Competent DAWs for Aspiring Music Producers","Cubase vs. Fruity Loops Studio: Competent DAWs for Aspiring Music Producers","https://www.electrikjam.com/cubase-vs-fruity-loops-studio/","When it comes to Cubase vs. Fruity Loops Studio, these two DAWS are very different in approach. So which one is right for you? Today we go over the different reasons why one is better than the other&#8230;for you! Cubase vs. Fruity Loops Studio: Two Of The Oldest DAWs&#8230; About 20 years ago, I knew [&hellip;]","2844","9","from_wordpress_export"
"https://www.electrikjam.com/5-beginner-guitar-mistakes/","/5-beginner-guitar-mistakes/","post","200","5 Beginner Guitar Mistakes To Avoid: Navigating A Confusing Market","5 Beginner Guitar Mistakes To Avoid: Navigating A Confusing Market","https://www.electrikjam.com/5-beginner-guitar-mistakes/","Beginner guitar mistakes happen, especially since guitar has never been more popular. Today we are going to go over some common mistakes to avoid when buying your guitar, and some valuable advice. Beginner Mistakes To Avoid: We've All Been There! If you ask any professional guitarist, they will tell you all about the mistakes they [&hellip;]","3875","19","from_wordpress_export"
"https://www.electrikjam.com/is-cubase-12-good-for-beginners/","/is-cubase-12-good-for-beginners/","post","200","Is Cubase 12 Good for Beginners? Unlocking the Creative Potential of Your Home Studio","Is Cubase 12 Good for Beginners? Unlocking the Creative Potential of Your Home Studio","https://www.electrikjam.com/is-cubase-12-good-for-beginners/","We get tons of requests asking ""is Cubase 12 good for beginners?"" and the answer is yes, with a few caveats. Today we go over why Cubase might be great for total newcomer to DAW programs. There is a learning curve, and today we go over everything that makes Cubase the perfect home studio solution. [&hellip;]","2574","11","from_wordpress_export"
"https://www.electrikjam.com/cubase-version-history/","/cubase-version-history/","post","200","Cubase Version History: A 30 Year Legacy of Evolution and Innovation","Cubase Version History: A 30 Year Legacy of Evolution and Innovation","https://www.electrikjam.com/cubase-version-history/","The Cubase version history goes all the way back to 1992, and there were many different iterations until we finally get to the recent 12th edition. So what does the Cubase version history look like over the years? Today we go over the history of the Cubase DAW. Cubase Version History: It Has Been A [&hellip;]","2195","8","from_wordpress_export"
"https://www.electrikjam.com/cubase-12-vs-logic/","/cubase-12-vs-logic/","post","200","Cubase 12 vs. Logic: Unraveling the Battle of the DAW Titans","Cubase 12 vs. Logic: Unraveling the Battle of the DAW Titans","https://www.electrikjam.com/cubase-12-vs-logic/","Choosing a DAW is a very personal thing, and when it comes to Cubase 12 vs. Logic, it can also depend on your hardware. Today we look at the advantages of both, as well as some things that each DAW may not do so well. Cubase 12 vs. Logic: Which One Is For You? In [&hellip;]","2653","15","from_wordpress_export"
"https://www.electrikjam.com/is-cubase-easy-to-use-cubase-12/","/is-cubase-easy-to-use-cubase-12/","post","200","Is Cubase Easy to Use? Unraveling the User-Friendly Realm of Cubase 12","Is Cubase Easy to Use? Unraveling the User-Friendly Realm of Cubase 12","https://www.electrikjam.com/is-cubase-easy-to-use-cubase-12/","When it comes to picking a DAW, I often get asked ""Is Cubase easy to use?"" since it can seem very complicated. Today we break down the features that make Cubase great for beginners, and talk about why it might not be for you. Is Cubase Easy To Use? Some History&#8230; When starting to work [&hellip;]","2369","19","from_wordpress_export"
"https://www.electrikjam.com/cubase-le-vs-cubase-pro-12/","/cubase-le-vs-cubase-pro-12/","post","200","Cubase LE VS Cubase Pro 12: Unleashing the Powerhouse DAW Showdown!","Cubase LE vs Cubase Pro 12: Unleashing the Powerhouse DAW Showdown!","https://www.electrikjam.com/cubase-le-vs-cubase-pro-12/","When it comes to choosing a DAW, many artists and producers have different expectations. Cubase LE Vs Cubase Pro? Which one should you get? Today we look at the features, pros, and cons, of both to see which version of Cubase is worth your money. Cubase LE vs Cubase Pro: Which One Do You Need? [&hellip;]","2699","12","from_wordpress_export"
"https://www.electrikjam.com/is-cubase-elements-worth-it/","/is-cubase-elements-worth-it/","post","200","Is Cubase Elements Worth It? Exploring The Potential of The Beginner Producer","Is Cubase Elements Worth It? Exploring The Potential of The Beginner Producer","https://www.electrikjam.com/is-cubase-elements-worth-it/","Being the lowest priced model, many artists ask ""Is Cubase Elements worth it?"". The answer will depend on where you are within your journey to learn DAWs, and what kind of hardware you may already have. Today we look at Cubase Elements in detail. Is Cubase Elements Worth It? Maybe! Cubase Elements is the ""middle [&hellip;]","2064","10","from_wordpress_export"
"https://www.electrikjam.com/how-do-i-pick-a-guitar-scale-to-play/","/how-do-i-pick-a-guitar-scale-to-play/","post","200","How Do I Pick a Guitar Scale to Play?","How Do I Pick a Guitar Scale to Play? The 3 Key Factors To Consider","https://www.electrikjam.com/how-do-i-pick-a-guitar-scale-to-play/","If you have started trying to play solos, you have probably hit a point of wondering ""How do I pick a guitar scale to play?"" Which ones should you use to craft a solo? Today we go over the 3 factors to consider when crafting a solo or improvising. How Do I Pick A Guitar [&hellip;]","2639","12","from_wordpress_export"
"https://www.electrikjam.com/how-much-does-cubase-cost/","/how-much-does-cubase-cost/","post","200","How Much Does Cubase Cost? All The Versions Compared...","How Much Does Cubase Cost? A Quick Comparison…","https://www.electrikjam.com/how-much-does-cubase-cost/","How much does Cubase cost? It depends on which version you go with – there's Elements, Artist, and Pro. And they're all different. Here's everything you need to know about pricing for all of them","659","4","from_wordpress_export"
"https://www.electrikjam.com/cubase-ai/","/cubase-ai/","post","200","Cubase AI Explained: What You Get &amp; How It Works","Cubase AI Explained: What You Get & How It Works","https://www.electrikjam.com/cubase-ai/","Curious about DAWs, heard people talking about Cubase AI? Here's a quick primer on how Cubase AI works and what it does...","1149","5","from_wordpress_export"
"https://www.electrikjam.com/dave-mustaine-signature-kramer-review/","/dave-mustaine-signature-kramer-review/","post","200","Dave Mustaine Signature Kramer Vanguard Review: 3 Models Primed To Shred!","Dave Mustaine Signature Kramer Vanguard Review: 3 Models Primed To Shred!","https://www.electrikjam.com/dave-mustaine-signature-kramer-review/","The new Dave Mustaine Signature Vanguard is one of several models the Megadeth guitarist has chose to endorse since his move to Gibson. But how does it compare to the Epiphone models? Is it worth the price tag? Today we check it out! Dave Mustaine Signature Kramer: Old School Cool! It is rare to find [&hellip;]","3322","15","from_wordpress_export"
"https://www.electrikjam.com/prs-launches-beautiful-new-silver-sky/","/prs-launches-beautiful-new-silver-sky/","post","200","PRS Launches Beautiful New Silver Sky Designs For 2023!","PRS Launches Beautiful New Silver Sky Designs For 2023!","https://www.electrikjam.com/prs-launches-beautiful-new-silver-sky/","The new Silver Sky Designs were exactly what customers have asked for from PRS, and the guitar behemoth has delivered. Today we take a look at the new models, and see if anything has changed. PRS Launches New Silver Sky: By Popular Demand! PRS seems to have an interesting way of updating the main guitar [&hellip;]","1469","10","from_wordpress_export"
"https://www.electrikjam.com/is-electric-guitar-easier-than-piano/","/is-electric-guitar-easier-than-piano/","post","200","Is Electric Guitar Easier than Piano? Exploring the Differences and Learning Process","Is Electric Guitar Easier than Piano? Exploring the Differences and Learning Process","https://www.electrikjam.com/is-electric-guitar-easier-than-piano/","Learning an instrument is a very rewarding process. Is Electric Guitar Easier than Piano? Today we break down why one may be easier than the other for YOU! Is Electric Guitar Easier than Piano? Maybe? When it comes to learning music, many people see a guitar and they know that is the instrument for them. [&hellip;]","1238","7","from_wordpress_export"
"https://www.electrikjam.com/guitar-maintenance-101/","/guitar-maintenance-101/","post","200","Guitar Maintenance 101: Do It Yourself VS Taking It To A Tech","Guitar Maintenance 101: Do It Yourself VS Taking It To A Tech","https://www.electrikjam.com/guitar-maintenance-101/","When it comes to guitar maintenance, knowledge is power. What are the advantages of doing it yourself versus taking it to tech? Today we go over the advantages and disadvantages of both. Guitar Maintenance: It Can Be Very Important Have you ever picked a guitar right off the wall at a guitar store that seemed [&hellip;]","3005","19","from_wordpress_export"
"https://www.electrikjam.com/the-ultimate-guitarists-toolkit/","/the-ultimate-guitarists-toolkit/","post","200","The Ultimate Guitarist's Toolkit: The 3 Important Areas To Consider","The Ultimate Guitarist’s Toolkit: The 3 Important Areas To Consider","https://www.electrikjam.com/the-ultimate-guitarists-toolkit/","Most of us build up our guitarist's toolkit over the years, collecting parts and tools as needed. But why wait until you NEED a tool? Today we talk about the 3 areas to consider when building your toolkit for home maintenance. A Guitarist's Toolkit: DIY Saves Money Electric Guitar is a fantastic instrument, and over [&hellip;]","3810","19","from_wordpress_export"
"https://www.electrikjam.com/using-a-capo-a-comprehensive-guide/","/using-a-capo-a-comprehensive-guide/","post","200","Using A Capo: A Comprehensive Guide To The #1 Way To Write Creative Songs!","Using A Capo: A Comprehensive Guide To The #1 Way To Write Creative Songs!","https://www.electrikjam.com/using-a-capo-a-comprehensive-guide/","You have probably seen plenty of guitarists using a capo, and you have probably wondered why they use them. Today we are going to look at the proper way to use a capo, and unlock a new ability to add to your toolbox! Using A Capo: Transpose Your Creativity Using a capo can be hugely [&hellip;]","2561","8","from_wordpress_export"
"https://www.electrikjam.com/the-top-3-alternate-guitar-tunings/","/the-top-3-alternate-guitar-tunings/","post","200","The Top 3 Alternate Guitar Tunings: How To Write GREAT Riffs!","The Top 3 Alternate Guitar Tunings: How To Write GREAT Riffs!","https://www.electrikjam.com/the-top-3-alternate-guitar-tunings/","Why would you want to use alternate guitar tunings? Today we look at how you can open the door to new creative ideas, simply by changing your tuning slightly. Let's check out the top 3 to fuel some new creative riffage! Alternate Guitar Tunings: Inspiration Fuel! Have you ever been in a rut when it [&hellip;]","2582","20","from_wordpress_export"
"https://www.electrikjam.com/a-beginners-guide-to-dadgad-tuning/","/a-beginners-guide-to-dadgad-tuning/","post","200","A Beginner's Guide To DADGAD Tuning: The #1 Path To New Riffs!","A Beginner’s Guide To DADGAD Tuning: The #1 Path To New Riffs!","https://www.electrikjam.com/a-beginners-guide-to-dadgad-tuning/","We often hit a writer's block as guitarists, and writing a new riff can be frustrating. That's where DADGAD Tuning steps in!","1632","19","from_wordpress_export"
"https://www.electrikjam.com/the-gibson-brand-may-be-in-trouble/","/the-gibson-brand-may-be-in-trouble/","post","200","The Gibson Brand May Be in Trouble-Here's 3 Reasons Why","The Gibson Brand May Be in Trouble-Here’s 3 Reasons Why","https://www.electrikjam.com/the-gibson-brand-may-be-in-trouble/","The Gibson Brand name has been around for 121 years, officially. But myopic views, lawsuits, and lifestyle appointments may be running the name into the ground. Today we look at 3 reasons why Gibson needs to change. The Gibson Brand: An American Heritage It seems like the Gibson brand is almost always in the news [&hellip;]","5854","30","from_wordpress_export"
"https://www.electrikjam.com/what-is-bias-fx-2-guide/","/what-is-bias-fx-2-guide/","post","200","What is BIAS FX 2? The ULTIMATE Guide...","What is BIAS FX 2? The ULTIMATE Guide…","https://www.electrikjam.com/what-is-bias-fx-2-guide/","BIAS FX 2 by Positive Grid is an amp and effects processor that’ll turn your PC or laptop into a fully customisable guitar rig – here's how it works...","3162","37","from_wordpress_export"
"https://www.electrikjam.com/gibson-80s-explorer-review/","/gibson-80s-explorer-review/","post","200","Gibson 80's Explorer Review: I Wonder Where This Came From?","Gibson 80’s Explorer Review: I Wonder Where This Came From?","https://www.electrikjam.com/gibson-80s-explorer-review/","Gibson has a new CEO, and there have been some minor changes lately. The Gibson 80's Explorer pulled inspiration from a rather obvious source...","3184","18","from_wordpress_export"
"https://www.electrikjam.com/telecaster-vs-jazzmaster/","/telecaster-vs-jazzmaster/","post","200","Telecaster VS Jazzmaster: History, Pickups & Tone Compared  ","Telecaster vs Jazzmaster: History, Legacy & Differences Compared","https://www.electrikjam.com/telecaster-vs-jazzmaster/","What's the difference between a Stratocaster and a Jazzmaster? Let's explore their history, legacy, tonal qualities and what type of music they're most suited to...","5547","20","from_wordpress_export"
"https://www.electrikjam.com/mac-demarco-guitar/","/mac-demarco-guitar/","post","200","Mac Demarco Guitar Collection: A Complete List For 2023","Mac Demarco Guitar Collection: A Complete List For 2023","https://www.electrikjam.com/mac-demarco-guitar/","What guitar does Mac Demarco use to create his iconic and instantly recognisable tone? Here’s a breakdown of Mac’s current guitar collection, including electric and acoustic models","1571","4","from_wordpress_export"
"https://www.electrikjam.com/seymour-duncan-hyper-switch-review/","/seymour-duncan-hyper-switch-review/","post","200","Seymour Duncan Hyper Switch Review: A Modern, Amazing 5 Way Switch!","Seymour Duncan Hyper Switch: A Modern, Amazing 5 Way Switch!","https://www.electrikjam.com/seymour-duncan-hyper-switch-review/","The new Duncan Hyper Switch is a huge game changer that can alter your tone via Bluetooth. Is it genius, or a gimmick?","2576","9","from_wordpress_export"
"https://www.electrikjam.com/is-spark-amp-worth-it/","/is-spark-amp-worth-it/","post","200","Is The Spark Amp Worth It? My Thoughts After 2+ Years...","Is The Spark Amp Worth It? My Thoughts After 2+ Years…","https://www.electrikjam.com/is-spark-amp-worth-it/","Guitar hardware – pedals, amps, effects processors – is pricey as heck. So how to do you get killer guitar tones on a budget? ","2387","17","from_wordpress_export"
"https://www.electrikjam.com/how-to-use-spark-amp-as-an-audio-interface-a-beginners-guide/","/how-to-use-spark-amp-as-an-audio-interface-a-beginners-guide/","post","200","How to Use Spark Amp as an Audio Interface: A Beginner's Guide","How to Use Spark Amp as an Audio Interface: A Beginner’s Guide","https://www.electrikjam.com/how-to-use-spark-amp-as-an-audio-interface-a-beginners-guide/","In this simple guide we'll show you how to unlock the FULL potential of your Spark Amp by using it as an Audio Interface, so you can connect it to whatever DAW you're currently using...","721","13","from_wordpress_export"
"https://www.electrikjam.com/harley-benton-dc-fat-p90-guitars-review/","/harley-benton-dc-fat-p90-guitars-review/","post","200","Harley Benton DC FAT Guitars Review: Single P90 Greatness!","Harley Benton DC FAT Guitars Review: Single P90 Greatness!","https://www.electrikjam.com/harley-benton-dc-fat-p90-guitars-review/","The Harley Benton DC FAT guitars have a feature that a lot of guitarists are looking for, a fat '59 neck! But the stacked pickups also have a few tricks...","2450","16","from_wordpress_export"
"https://www.electrikjam.com/harley-benton-telecaster-pickups-guide/","/harley-benton-telecaster-pickups-guide/","post","200","Harley Benton Telecaster Pickups: A Complete Buyer's Guide","Harley Benton Telecaster Pickups: A Complete Buyer’s Guide","https://www.electrikjam.com/harley-benton-telecaster-pickups-guide/","What pickups do Harley Benton Telecasters use? There's quite a few different options from HSS to HH configurations. Here's everything you need to know...","1749","34","from_wordpress_export"
"https://www.electrikjam.com/electric-guitar-scale-length-a-complete-guide/","/electric-guitar-scale-length-a-complete-guide/","post","200","Electric Guitar Scale Length Comparison: 40 Models Compared ","Electric Guitar Scale Length Comparison: 40 Models Compared","https://www.electrikjam.com/electric-guitar-scale-length-a-complete-guide/","Does guitar scale length matter? When it comes to electric guitars, it really does. Here's a comparison of the scale length of 40 of the most popular electric guitars on the market right now...","3345","30","from_wordpress_export"
"https://www.electrikjam.com/dave-lombardo-rites-of-percussion-album-review/","/dave-lombardo-rites-of-percussion-album-review/","post","200","Dave Lombardo ""Rites Of Percussion"" Album Review: 13 Tracks Of Rhythmic Ferocity!","Dave Lombardo “Rites Of Percussion” Album Review: 13 Tracks Of Rhythmic Ferocity!","https://www.electrikjam.com/dave-lombardo-rites-of-percussion-album-review/","The New ""Rites Of Percussion"" Album by ex-Slayer drummer Dave Lombardo is dropping on May 5th. How exactly does a drummer release a ""solo"" album? Today we go over this incredible project, and dive into Dave's lengthy history. Rites of Percussion: A Little Background&#8230; At this point, Dave Lombardo is Heavy Metal royalty. Most of [&hellip;]","2634","7","from_wordpress_export"
"https://www.electrikjam.com/best-baritone-guitars-for-metal/","/best-baritone-guitars-for-metal/","post","200","Best Baritone Guitars For Metal: Budget, Premium &amp; High-End","Best Baritone Guitars For Metal: Budget, Premium & High-End","https://www.electrikjam.com/best-baritone-guitars-for-metal/","Looking for the best baritone guitars for metal? Check out our comprehensive guide featuring the top seven guitars, including their main specs and PROs","2349","4","from_wordpress_export"
"https://www.electrikjam.com/squier-baritone-telecaster-custom-review/","/squier-baritone-telecaster-custom-review/","post","200","Squier Classic Vibe Baritone Telecaster Custom 2022: Let's Get Crazy LOW!","Squier Classic Vibe Baritone Telecaster Custom Review: Let’s Get Crazy LOW!","https://www.electrikjam.com/squier-baritone-telecaster-custom-review/","The Squier Classic Vibe Baritone telecaster has arrived, and it is pretty amazing for the budget price. Today we go over what a baritone guitar can do!","2273","19","from_wordpress_export"
"https://www.electrikjam.com/baritone-guitar-tuning-guide/","/baritone-guitar-tuning-guide/","post","200","Baritone Guitar Tuning: A Quick Beginner's Overview...","Baritone Guitar Tuning: A Quick Overview of Everything You Need To Know","https://www.electrikjam.com/baritone-guitar-tuning-guide/","Dive into the world of baritone guitar tuning with our comprehensive guide, and learn how to master this unique type of guitar to up your tone-game with some serious low-end rumble...","888","5","from_wordpress_export"
"https://www.electrikjam.com/open-g-tuning-explained/","/open-g-tuning-explained/","post","200","Open G Tuning Explained: What It Is &amp; How It Works on Guitar","Open G Tuning Explained: What It Is & How It Works on Guitar","https://www.electrikjam.com/open-g-tuning-explained/","Discover the magic of open G tuning guitar, its history, uses, and benefits, as well as how to get started with this popular alternative tuning method. Have you ever been curious about alternative guitar tunings? Ever wondered what is open G tuning guitar? You're in for a treat! Open G tuning is an exciting and [&hellip;]","928","6","from_wordpress_export"
"https://www.electrikjam.com/top-5-underrated-guitarists/","/top-5-underrated-guitarists/","post","200","The Top 5 Underrated Guitarists: Modern Players That WE Think You Should Check Out!","The Top 5 Underrated Guitarists: Modern Players That WE Think You Should Check Out!","https://www.electrikjam.com/top-5-underrated-guitarists/","Trying to pick out the top 5 underrated guitarists was tough, but we found some players that are on the precipice of something big. These are all modern guitarists, pushing the boundaries of what is possible. The Top 5 Underrated Guitarists: How Did We Choose? Like any ""Top 5"" list out there, the list actually [&hellip;]","3775","10","from_wordpress_export"
"https://www.electrikjam.com/gamma-g50-amplifier-review/","/gamma-g50-amplifier-review/","post","200","GAMMA G50 Amplifier Review: A Stunning Pedal Platform For Gigging","GAMMA G50 Amplifier Review: A Stunning Pedal Platform For Gigging","https://www.electrikjam.com/gamma-g50-amplifier-review/","The Gamma G50 is the newly rebranded Acoustic brand's attempt to make a ""clean canvas"" style amp. So how does this work, and how does it sound? ","2113","17","from_wordpress_export"
"https://www.electrikjam.com/schecter-mv-6-review/","/schecter-mv-6-review/","post","200","Schecter MV-6 Overview: Outstanding Budget Models From The Past!","Schecter MV-6 Overview: Outstanding Budget Models From The Past!","https://www.electrikjam.com/schecter-mv-6-review/","The Schecter MV-6 may look a little strange for such a ""metal"" guitar brand. But it may be more on-brand than you think!","2845","18","from_wordpress_export"
"https://www.electrikjam.com/gamma-guitar-pedals-review/","/gamma-guitar-pedals-review/","post","200","Gamma Guitar Pedals Review: 6 Fantastic Budget Stomp Boxes From The Gods!","GAMMA Guitar Pedals Review: 6 Fantastic Budget Stomp Boxes From The Gods!","https://www.electrikjam.com/gamma-guitar-pedals-review/","The new Gamma Guitar pedals lineup features 6 effects of mythological proportions, yet offered at a humble price. Today we check out the entire series, and talk about tones. Gamma Guitar Pedals: Who Is GAMMA? GAMMA might seem like a new name to a lot of guitarists, but those of us that have been playing [&hellip;]","3940","25","from_wordpress_export"
"https://www.electrikjam.com/guitar-center-guitar-a-thon-2023-best-deals/","/guitar-center-guitar-a-thon-2023-best-deals/","post","200","Guitar Center Guitar-A-Thon 2023: The ABSOLUTE BEST Deals!","Guitar Center Guitar-A-Thon 2023: The ABSOLUTE BEST Deals!","https://www.electrikjam.com/guitar-center-guitar-a-thon-2023-best-deals/","Guitar Center's Guitar-A-Thon is usually a great way to score some amazing deals, with some deep discounts. This year we found the best deals for guitarists! ","2447","15","from_wordpress_export"
"https://www.electrikjam.com/the-new-199-squier-sonic-series/","/the-new-199-squier-sonic-series/","post","200","Fender Releases The New $199 Squier Sonic Series: The New Bullet?","Fender Releases The New $199 Squier Sonic Series: The New Bullet?","https://www.electrikjam.com/the-new-199-squier-sonic-series/","The Squier Sonic Series has been unveiled, basically replacing the older Bullet Series. So what has been changed?","2093","19","from_wordpress_export"
"https://www.electrikjam.com/new-harley-benton-25th-anniversary-guitars/","/new-harley-benton-25th-anniversary-guitars/","post","200","Harley Benton 25th Anniversary Guitars: Awesome Special Edition Models!","New Harley Benton 25th Anniversary Guitars: Awesome Special Edition Models!","https://www.electrikjam.com/new-harley-benton-25th-anniversary-guitars/","It may seem hard to believe, but the Harley Benton 25th Anniversary kicked off this year. The popular budget brand is celebrating, BIG time!","3881","26","from_wordpress_export"
"https://www.electrikjam.com/glarry-guitars-and-basses-quality-vs-price/","/glarry-guitars-and-basses-quality-vs-price/","post","200","Glarry Guitars And Basses 2023 Lineup: Quality VS Price","Glarry Guitars And Basses 2023 Lineup: Quality VS Price","https://www.electrikjam.com/glarry-guitars-and-basses-quality-vs-price/","Recently, everyone has been talking about Glarry guitars and basses. But are they good for the low price? Today we go over the pros and cons of the 2023 lineup. Glarry Guitars And Basses: Let's Talk Quality&#8230; We have been taking a look at the newer Glarry guitars and basses, and the 2022-2023 lineup has [&hellip;]","2693","20","from_wordpress_export"
"https://www.electrikjam.com/analog-guitar-gear-5-reasons-you-shouldnt-go-digital/","/analog-guitar-gear-5-reasons-you-shouldnt-go-digital/","post","200","Analog Guitar Gear: 5 Reasons You SHOULDN'T Go Digital","Analog Guitar Gear: 5 Reasons You SHOULDN’T Go Digital","https://www.electrikjam.com/analog-guitar-gear-5-reasons-you-shouldnt-go-digital/","We looked at 5 reasons why you SHOULD go digital. But there is another way to look at guitar gear, and today we look at the pros of keeping analog guitar gear!","2782","17","from_wordpress_export"
"https://www.electrikjam.com/glarry-mods-can-glarry-guitars-be-upgraded/","/glarry-mods-can-glarry-guitars-be-upgraded/","post","200","Glarry Mods: Can Glarry Guitars And Basses Be Upgraded With Better Parts? ","Glarry Mods: Can Glarry Guitars And Basses Be Upgraded With Better Parts?","https://www.electrikjam.com/glarry-mods-can-glarry-guitars-be-upgraded/","Lots of guitarists have been interested in Glarry Guitars lately, and Glarry Mods are starting to take off. So what kind of parts do you use? Today we look at aftermarket parts that fit Glarry Guitars. Glarry Mods: The Perfect Project Guitar We have been taking a look at Glarry Guitars here lately, and the [&hellip;]","3517","21","from_wordpress_export"
"https://www.electrikjam.com/digital-guitar-rigs-5-reasons/","/digital-guitar-rigs-5-reasons/","post","200","The Digital Guitar Rig: 5 Reasons You SHOULD Ditch Analog","The Digital Guitar Rig: 5 Reasons You SHOULD Ditch Analog","https://www.electrikjam.com/digital-guitar-rigs-5-reasons/","More and more these days, guitarists are switching to totally a digital guitar rig. There are plenty of pros and cons, so today we are going to look at the the reasons why it might be something to consider. The 2023 Digital Guitar Rig: More Popular Than Ever! It is a little crazy to look [&hellip;]","3035","21","from_wordpress_export"
"https://www.electrikjam.com/bass-heavy-metal-songs/","/bass-heavy-metal-songs/","post","200","19 Bass Heavy Metal Songs That’ll Shake Your Fillings Out...","19 Bass Heavy Metal Songs That’ll Shake Your Fillings Out","https://www.electrikjam.com/bass-heavy-metal-songs/","Here’s 19 of the best bass heavy metal songs ever recorded. If you like outstanding bass tone and performances, these tracks are sure to impress…","963","20","from_wordpress_export"
"https://www.electrikjam.com/headrush-prime-first-look/","/headrush-prime-first-look/","post","200","Headrush Prime First Look: The 1-Stop Solution For Great Recordings?","Headrush Prime First Look: The 1-Stop Solution For Great Recordings?","https://www.electrikjam.com/headrush-prime-first-look/","The HEADRUSH Prime just came out of nowhere, without any warning. Can this be the ""all in one"" solution for home studios? Today we take a look at what we know.","3414","20","from_wordpress_export"
"https://www.electrikjam.com/the-glarry-gjazz-bass-review/","/the-glarry-gjazz-bass-review/","post","200","The Glarry GJazz Bass Review: 6 Months Later...","The Glarry GJazz Bass Review: 6 Months Later…An In-Depth Look","https://www.electrikjam.com/the-glarry-gjazz-bass-review/","About 6 months ago I decided to take a chance with a Glarry GJazz Bass. So how is it going now, 6 months later? Today we go over everything...","3818","13","from_wordpress_export"
"https://www.electrikjam.com/glarry-gst-electric-guitar-review/","/glarry-gst-electric-guitar-review/","post","200","Glarry GST Electric Guitar Review: The #1 Best Budget Option?","Glarry GST Electric Guitar Review: The #1 Budget Option?","https://www.electrikjam.com/glarry-gst-electric-guitar-review/","If you watch a lot of YouTube, then you have probably seen the Glarry GST Electric Guitar. But today, we break it down honestly.","5286","24","from_wordpress_export"
"https://www.electrikjam.com/guitar-string-gauges-guide/","/guitar-string-gauges-guide/","post","200","Guitar String Gauges 101: The Ultimate Beginner’s Guide…","Guitar String Gauges 101: The Ultimate Beginner’s Guide…","https://www.electrikjam.com/guitar-string-gauges-guide/","Here's LITERALLY everything you need to know about guitar string gauges. It's boring, we know, but it is something you have to understand to get the most from your playing...","4573","33","from_wordpress_export"
"https://www.electrikjam.com/best-frfr-speaker/","/best-frfr-speaker/","post","200","Best FRFR Speaker: Beginner, Budget & Pro Options [2023]","Best FRFR Speaker: Beginner, Budget & Pro Options [2023]","https://www.electrikjam.com/best-frfr-speaker/","What's the best FRFR speaker you can buy right now? Here's our pick for the top-rated, best-sounding FRFR speakers on the market right now – for any budget!","1911","12","from_wordpress_export"
"https://www.electrikjam.com/frfr-speaker-impedance-explained-understanding-the-basics/","/frfr-speaker-impedance-explained-understanding-the-basics/","post","200","FRFR Speaker Impedance Explained: Understanding the Basics...","FRFR Speaker Impedance Explained: Understanding the Basics…","https://www.electrikjam.com/frfr-speaker-impedance-explained-understanding-the-basics/","If you're in the market for an FRFR speaker, it's important to understand speaker impedance and how it affects sound quality. Speaker impedance is a measure of the speaker's resistance to electrical current, and it can have a significant impact on the sound and timbre that the speaker produces. If you’re after a killer guitar [&hellip;]","1031","7","from_wordpress_export"
"https://www.electrikjam.com/advantages-frfr-speakers/","/advantages-frfr-speakers/","post","200","Advantages of FRFR Speakers: 4 Reasons Why They ROCK...","Advantages of FRFR Speakers: 4 Massive Reasons To Make The Switch","https://www.electrikjam.com/advantages-frfr-speakers/","Can you use an FRFR speaker to record AND play live? Yes – here’s everything you need to know about the advantages of FRFR speakers…","1665","15","from_wordpress_export"
"https://www.electrikjam.com/what-is-the-most-famous-electric-guitar-exploring-2-different-legends/","/what-is-the-most-famous-electric-guitar-exploring-2-different-legends/","post","200","What Is The Most Famous Electric Guitar? Exploring 2 Different Legends","What Is The Most Famous Electric Guitar? Exploring 2 Different Legends","https://www.electrikjam.com/what-is-the-most-famous-electric-guitar-exploring-2-different-legends/","There are so many electric guitars out there these days, but what is the most famous electric guitar? Today we dive into history and look at 2 guitars that changed the world forever. What Is The Most Famous Electric Guitar? That can be a tough question to answer, since there are so many famous electric [&hellip;]","1728","6","from_wordpress_export"
"https://www.electrikjam.com/periphery-djent-is-not-a-genre-album-review/","/periphery-djent-is-not-a-genre-album-review/","post","200","Periphery Djent Is Not A Genre Album Review: Audio Assault In 9 Epic Bursts","Periphery “Djent Is Not A Genre” Album Review: Esoteric Audio Assault In 9 Epic Bursts","https://www.electrikjam.com/periphery-djent-is-not-a-genre-album-review/","There is a ton of hype around the Periphery Djent Is Not A Genre album, and the singles that have been released have just amplified that hype. We got to listen to it, and the boys have definitely not disappointed.
","3121","3","from_wordpress_export"
"https://www.electrikjam.com/fender-stratocaster-price-guide/","/fender-stratocaster-price-guide/","post","200","Fender Stratocaster Price Guide: The Latest Models Compared","Fender Stratocaster Price Guide: All Models & Series Compared","https://www.electrikjam.com/fender-stratocaster-price-guide/","How much is a Fender Stratocaster in 2023? Here’s everything you need to know about how much its Player, Professional, and Ultra Strat models cost","920","9","from_wordpress_export"
"https://www.electrikjam.com/what-are-the-three-types-of-electric-guitars/","/what-are-the-three-types-of-electric-guitars/","post","200","What Are The Three Types Of Electric Guitars? The 3 MAIN Players!","What Are The Three Types Of Electric Guitars? The 3 MAIN Players!","https://www.electrikjam.com/what-are-the-three-types-of-electric-guitars/","There are tons of different guitar types, so what are the three types of electric guitars? There are 3 main categories that almost all guitars fit into.","1435","6","from_wordpress_export"
"https://www.electrikjam.com/history-of-fender-stratocaster/","/history-of-fender-stratocaster/","post","200","History of the Fender Stratocaster: The Birth of An Icon...","History of the Fender Stratocaster: The Birth of An Icon [1954 to Present]","https://www.electrikjam.com/history-of-fender-stratocaster/","Here's a brief history of the Fender Stratocaster, ranging from its creation in the 1950s right up to the present day... ","956","8","from_wordpress_export"
"https://www.electrikjam.com/fender-player-stratocaster-pickups-guide/","/fender-player-stratocaster-pickups-guide/","post","200","Fender Player Stratocaster Pickups: A Complete Guide...","Fender Player Stratocaster Pickups: A Complete Guide…","https://www.electrikjam.com/fender-player-stratocaster-pickups-guide/","Here’s everything you need to know about the Fender Player Stratocaster pickups, including its different configurations (SSS and HSS)","865","10","from_wordpress_export"
"https://www.electrikjam.com/touring-with-a-40-harley-benton/","/touring-with-a-40-harley-benton/","post","200","Touring With A $40 Harley Benton Guitar?","Touring With A $40 Harley Benton Guitar: One Guitarist’s CRAZY Journey!","https://www.electrikjam.com/touring-with-a-40-harley-benton/","Can you imagine touring with a $40 Harley Benton guitar? Scott Poley is a PRO guitarist using one of our favorite budget brands on an arena tour! But how?","1593","7","from_wordpress_export"
"https://www.electrikjam.com/what-is-the-average-cost-of-an-electric-guitar/","/what-is-the-average-cost-of-an-electric-guitar/","post","200","What Is The Average Cost Of An Electric Guitar? 3 Things To Consider.","What Is The Average Cost Of An Electric Guitar? The Top 3 Things To Consider.","https://www.electrikjam.com/what-is-the-average-cost-of-an-electric-guitar/","Electric guitars come in all kinds of shapes and sizes. But what is the average cost of an electric guitar? The answer depends on a few different things...","1438","20","from_wordpress_export"
"https://www.electrikjam.com/why-did-hendrix-play-in-e-flat-tuning/","/why-did-hendrix-play-in-e-flat-tuning/","post","200","Why Did Hendrix Play in E Flat Tuning? The 70 Year Old Strat Secret!","Why Did Hendrix Play in E Flat Tuning? The 70 Year Old Strat Secret!","https://www.electrikjam.com/why-did-hendrix-play-in-e-flat-tuning/","So, why did Hendrix play in E Flat tuning? Why do other players use this tuning as well? Does it have something to do with Stratocasters? Today we find out!","1757","4","from_wordpress_export"
"https://www.electrikjam.com/what-is-the-holy-grail-of-electric-guitars/","/what-is-the-holy-grail-of-electric-guitars/","post","200","What Is The Holy Grail Of Electric Guitars? The 3 Rarest Axes!","What Is The Holy Grail Of Electric Guitars? The 3 Rarest Axes!","https://www.electrikjam.com/what-is-the-holy-grail-of-electric-guitars/","So what is the Holy Grail of electric guitars? There are a few models that cost more than your house, and are very rare! ","1913","3","from_wordpress_export"
"https://www.electrikjam.com/new-mastodon-album/","/new-mastodon-album/","post","200","Good News – The New Mastodon Album Will Be “HEAVY”","Good News – The New Mastodon Album Will Be “HEAVY”","https://www.electrikjam.com/new-mastodon-album/","Mastodon is working on new material for a new album, according to Bill Kelliher, and it is going to be very, very heavy…","377","3","from_wordpress_export"
"https://www.electrikjam.com/bias-fx-vs-bias-fx-2/","/bias-fx-vs-bias-fx-2/","post","200","BIAS FX vs BIAS FX 2 – What’s The Difference?","BIAS FX vs BIAS FX 2 – What’s The Difference?","https://www.electrikjam.com/bias-fx-vs-bias-fx-2/","BIAS FX vs BIAS FX 2 – which is best? BIAS FX was great but BIAS FX 2 is a different beast altogether – here’s everything you need to know about all the new updates and features…","1391","15","from_wordpress_export"
"https://www.electrikjam.com/dimebag-darrell-loved-these-guitar-pedals-heres-why/","/dimebag-darrell-loved-these-guitar-pedals-heres-why/","post","200","Dimebag Darrell Loved These Guitar Pedals – Here’s Why…","Dimebag Darrell Loved These Guitar Pedals – Here’s Why…","https://www.electrikjam.com/dimebag-darrell-loved-these-guitar-pedals-heres-why/","Dimebag Darrell was and remains one of the greatest guitar players to ever walk the earth. But what pedals did Dimebag Darrell use? Here’s everything you need to know…","1008","16","from_wordpress_export"
"https://www.electrikjam.com/how-do-you-practice-scales/","/how-do-you-practice-scales/","post","200","How Do You Practice Scales? The 2 Important Scales And HOW To Play Them!","How Do You Practice Scales? The 2 Important Scales And HOW To Play Them!","https://www.electrikjam.com/how-do-you-practice-scales/","""How do you practice scales"" is going to be a big question once you start playing guitar. There are two important scales to learn when you are starting out...","1533","3","from_wordpress_export"
"https://www.electrikjam.com/the-best-guitar-pedals-1968-2021/","/the-best-guitar-pedals-1968-2021/","post","200","The BEST Guitar Pedals EVER [1968-2023] – All The Icons...","The BEST Guitar Pedals 1968-2023: The Classics, Latest, And Greatest…","https://www.electrikjam.com/the-best-guitar-pedals-1968-2021/","We are going to check out the best guitar pedals ever today. It doesn't matter when they were made, or who they were made by. All they have to be is iconic... ","4863","69","from_wordpress_export"
"https://www.electrikjam.com/what-is-the-best-electric-guitar-brand/","/what-is-the-best-electric-guitar-brand/","post","200","What Is The BEST Electric Guitar Brand? The BIG 3!","What Is The BEST Electric Guitar Brand? The BIG 3!","https://www.electrikjam.com/what-is-the-best-electric-guitar-brand/","What is the best electric guitar brand? Well, there are actually 3 answers to this question based on popularity and overall sales. But who are in the ""Big 3""?","989","14","from_wordpress_export"
"https://www.electrikjam.com/is-learning-electric-guitar-hard/","/is-learning-electric-guitar-hard/","post","200","Is Learning Electric Guitar Hard? Yes AND No...","Is Learning Electric Guitar Hard? Yes AND No…","https://www.electrikjam.com/is-learning-electric-guitar-hard/","Is learning electric guitar hard to do? Well, it really depends on a lot of factors and there is no simple answer. Let's talk about it!","928","11","from_wordpress_export"
"https://www.electrikjam.com/the-david-ross-winter-storm-review-an-awesome-3-in-1-pedal/","/the-david-ross-winter-storm-review-an-awesome-3-in-1-pedal/","post","200","The David Ross Winter Storm Review: An Awesome 3 In 1 Pedal!","The David Ross Winter Storm Review: An Awesome 3 In 1 Pedal!","https://www.electrikjam.com/the-david-ross-winter-storm-review-an-awesome-3-in-1-pedal/","We get to check out all kinds of mainstream stuff, so trying out the David Ross Winter Storm was a real treat","2533","6","from_wordpress_export"
"https://www.electrikjam.com/is-it-too-late-to-learn-guitar/","/is-it-too-late-to-learn-guitar/","post","200","Is It Too late To learn Guitar? A PRO Perspective","Is It Too late To learn Guitar? A PRO Perspective","https://www.electrikjam.com/is-it-too-late-to-learn-guitar/","Is it too late to learn guitar? You might be surprised at what science and experience tells us these days!","1472","6","from_wordpress_export"
"https://www.electrikjam.com/schecter-tao-series-review-john-browne/","/schecter-tao-series-review-john-browne/","post","200","Schecter Tao Series Review: The John Browne Signature","Schecter Tao Series Review: The John Browne Signature We have ALL Been Waiting For!","https://www.electrikjam.com/schecter-tao-series-review-john-browne/","The Schecter Tao is the newest signature model, set up to John Browne's specs From MONUMENTS. WE have all been itching to see what Schecter and John were up to!","2329","12","from_wordpress_export"
"https://www.electrikjam.com/is-electric-guitar-harder-than-bass/","/is-electric-guitar-harder-than-bass/","post","200","Is Electric Guitar Harder Than Bass To Play? The Answer May Shock You!","Is Electric Guitar Harder Than Bass To Play? The Answer May Shock You!","https://www.electrikjam.com/is-electric-guitar-harder-than-bass/","Bass players get a lot of guff, but is electric guitar harder than bass when it comes to actual playing? Today we break down the differences!","1352","8","from_wordpress_export"
"https://www.electrikjam.com/schecter-cr6-review/","/schecter-cr6-review/","post","200","Schecter CR6 Review: The CR6 is King For Budget Shredding!","Schecter CR6 Review: The CR6 is King For Budget Shredding!","https://www.electrikjam.com/schecter-cr6-review/","The Schecter CR6 may be in budget territory according to price, but it has the features of a MUCH more expensive guitar. Let's see what makes it so amazing!","2710","28","from_wordpress_export"
"https://www.electrikjam.com/voltreus-blur-single-release/","/voltreus-blur-single-release/","post","200","EJ Presents Underexposed: Voltreus ""Blur"" Single Release!","EJ Presents Underexposed: Voltreus “Blur” Single Release!","https://www.electrikjam.com/voltreus-blur-single-release/","Voltreus is a Texas band that we have been following for quite a while, and they have a brand new single coming out. But things have definitely changed a bit ...","1217","4","from_wordpress_export"
"https://www.electrikjam.com/fender-meteora-players-plus-review-2022/","/fender-meteora-players-plus-review-2022/","post","200","Fender Meteora Player Plus Review: Is It 100% Legit? ","Fender Meteora Player Plus Review: Looks Can Be Deceiving In 2022!","https://www.electrikjam.com/fender-meteora-players-plus-review-2022/","The Fender Meteora is the newest in the Player's Plus lineup, originally spawning from the Pawn Shop Series. Let's take a look at where it succeeds, and fails!","3646","20","from_wordpress_export"
"https://www.electrikjam.com/do-you-need-an-amp-to-play-electric-guitar/","/do-you-need-an-amp-to-play-electric-guitar/","post","200","Do You Need An Amp To Play Electric Guitar? The Top 3 Options!","Do You Need An Amp To Play Electric Guitar? The Top 3 Options!","https://www.electrikjam.com/do-you-need-an-amp-to-play-electric-guitar/","Do you need an amp to play electric guitar in 2023? Well, yes and no! Today we look at your options if you are just getting started with electric guitar.","1763","31","from_wordpress_export"
"https://www.electrikjam.com/how-much-should-i-spend-on-my-first-guitar/","/how-much-should-i-spend-on-my-first-guitar/","post","200","Beginner Questions: How Much Should I Spend On My First Guitar? ","Beginner Questions: How Much Should I Spend On My First Guitar?","https://www.electrikjam.com/how-much-should-i-spend-on-my-first-guitar/","One of the most common questions from beginners is ""How Much should I spend on my first guitar?"". This is a great question, and we have an answer!","974","8","from_wordpress_export"
"https://www.electrikjam.com/how-many-years-does-it-take-to-learn-guitar/","/how-many-years-does-it-take-to-learn-guitar/","post","200","How Many Years Does It Take To Learn Guitar? PRO Advice","How Many Years Does It Take To Learn Guitar?","https://www.electrikjam.com/how-many-years-does-it-take-to-learn-guitar/","A question that pops up from all beginners, is how many years does it take to learn guitar? Well, that depends on your own aspirations, but...","1057","7","from_wordpress_export"
"https://www.electrikjam.com/is-electric-guitar-ok-for-beginners/","/is-electric-guitar-ok-for-beginners/","post","200","Electric Guitar Is OK For Beginners - Here's Why...","Electric Guitar Is OK For Beginners – Here’s Why…","https://www.electrikjam.com/is-electric-guitar-ok-for-beginners/","A lot of students ask me all the time, is electric guitar ok for beginners? The answer is a little complicated, but today we break it down the EASY way!","1211","18","from_wordpress_export"
"https://www.electrikjam.com/prs-se-mark-holcomb-guitars-review/","/prs-se-mark-holcomb-guitars-review/","post","200","PRS SE Mark Holcomb Guitars Review: Some Changes In 2023, Same Spirit!","PRS SE Mark Holcomb Guitars Review: Some Changes In 2023, Same Spirit!","https://www.electrikjam.com/prs-se-mark-holcomb-guitars-review/","The new PRS SE Mark Holcomb guitars are very much like the ones that came before them. There have been a few changes, but the core idea has remained...","3488","17","from_wordpress_export"
"https://www.electrikjam.com/ibanez-tod10-tim-henson-guitar-review/","/ibanez-tod10-tim-henson-guitar-review/","post","200","Ibanez TOD10 Tim Henson Signature Guitar Review: A Blend Of Classic And Modern","Ibanez TOD10 Tim Henson Signature Guitar Review: A Blend Of Classic And Modern","https://www.electrikjam.com/ibanez-tod10-tim-henson-guitar-review/","The new Ibanez TOD10 is the second Tim Henson signature electric guitar. But a lot has changed from the original, making this a whole different beast. ","2568","15","from_wordpress_export"
"https://www.electrikjam.com/solving-guitar-tuning-issues-tutorial/","/solving-guitar-tuning-issues-tutorial/","post","200","Solving Guitar Tuning Issues 101: It Isn't What You Think!","Solving Guitar Tuning Issues 101: 5 Reasons Your Guitar Is Going Out Of Tune","https://www.electrikjam.com/solving-guitar-tuning-issues-tutorial/","I see so many complaints online about guitar tuning issues, and people rarely get a clear answer. Today we go over all of the possible problems.","2225","9","from_wordpress_export"
"https://www.electrikjam.com/schecter-reaper-elite-series-review/","/schecter-reaper-elite-series-review/","post","200","Schecter Reaper Elite Series Review: 3 NEW High Spec Shred Machines!","Schecter Reaper Elite Series Review: 3 NEW High Spec Shred Machines!","https://www.electrikjam.com/schecter-reaper-elite-series-review/","The new Schecter Reaper Elite Series is something that was a long time coming for Schecter.  Just how good are these high-spec guitars? Today we check them out!","3473","16","from_wordpress_export"
"https://www.electrikjam.com/universal-audio-volt-276-interface-review/","/universal-audio-volt-276-interface-review/","post","200","Universal Audio Volt 276 Interface Review: Amazing, PRO Recording At Home?","Universal Audio Volt 276 Interface Review: The New KING For Recording At Home?","https://www.electrikjam.com/universal-audio-volt-276-interface-review/","The new Universal Audio Volt 276 might be the best new way to record guitar, or anything else at home! Does this knock the Scarlett out of the #1 Position?","3940","12","from_wordpress_export"
"https://www.electrikjam.com/schecter-solo-ii-supreme-guitar-review/","/schecter-solo-ii-supreme-guitar-review/","post","200","Schecter Solo II Supreme Guitar Review: The BEST Single Cut Of 2022?","Schecter Solo II Supreme Guitar Review: The BEST Single Cut Of 2022?","https://www.electrikjam.com/schecter-solo-ii-supreme-guitar-review/","The Schecter Solo II Supreme is the newest of the lineup when it comes to the highly praised Solo Series. But what makes these ""Supreme""? Today we find out!","4624","29","from_wordpress_export"
"https://www.electrikjam.com/best-acoustic-guitars-for-metal/","/best-acoustic-guitars-for-metal/","post","200","The 3 Best Acoustic Guitars For Metal Players: Skinny Necks, Giant Sounds!","The 3 Best Acoustic Guitars For Metal Players: Skinny Necks, Giant Sounds!","https://www.electrikjam.com/best-acoustic-guitars-for-metal/","Finding the best acoustic guitars for metal guitarists can be tricky. We like thin necks, and easy playability on our guitars, and today we look at the best acoustics.","3133","10","from_wordpress_export"
"https://www.electrikjam.com/christmas-gifts-for-guitarists-under-50/","/christmas-gifts-for-guitarists-under-50/","post","200","The Ultimate Guide To Christmas Gifts For Guitarists Under $50!","The Ultimate Guide To Christmas Gifts For Guitarists Under $50!","https://www.electrikjam.com/christmas-gifts-for-guitarists-under-50/","Finding some sweet gifts for guitarists under $50 can be daunting if you don't play yourself. But fear not, we have got you covered! ","1865","4","from_wordpress_export"
"https://www.electrikjam.com/prs-guitar-pedals-reviewed/","/prs-guitar-pedals-reviewed/","post","200","3 New PRS Guitar Pedals Reviewed: A GREAT First Attempt In A Saturated Market","3 New PRS Guitar Pedals Reviewed: A GREAT First Attempt In A Saturated Market","https://www.electrikjam.com/prs-guitar-pedals-reviewed/","PRS Guitar pedals? That's right, the famous luthier has finally delved into pedals. But how do they compare in this oversaturated market?
","1716","5","from_wordpress_export"
"https://www.electrikjam.com/schecter-machine-gun-kelly-pt-review/","/schecter-machine-gun-kelly-pt-review/","post","200","Schecter Machine Gun Kelly PT Review: Let's Be 100% REAL Here","Schecter Machine Gun Kelly PT Review: Let’s Be 100% REAL Here","https://www.electrikjam.com/schecter-machine-gun-kelly-pt-review/","The Schecter Machine Gun Kelly PT model has been the subject of ridicule lately. In fact, it has divided the Schecter fan base. Today, we get REAL.","2399","8","from_wordpress_export"
"https://www.electrikjam.com/schecter-jack-fowler-traditional-review/","/schecter-jack-fowler-traditional-review/","post","200","New Schecter Jack Fowler Traditional Review: Amazingly Not So Traditional","New Schecter Jack Fowler Traditional Review: Amazingly NOT So Traditional!","https://www.electrikjam.com/schecter-jack-fowler-traditional-review/","The Schecter Jack Fowler Traditional is the newest signature model in the 2022 lineup. It may look like something you have seen a million times, but...","1775","10","from_wordpress_export"
"https://www.electrikjam.com/line-6-3-50-update-explained/","/line-6-3-50-update-explained/","post","200","Line 6 3.50 Update Explained: Everything You NEED To Know!","Line 6 3.50 Update Explained: Everything You NEED To Know!","https://www.electrikjam.com/line-6-3-50-update-explained/","The recent Line 6 3.50 Update is an absolute game-changer for Helix users. Today we break down all the new features, and explain how they work!","3287","20","from_wordpress_export"
"https://www.electrikjam.com/effects-of-weather-on-your-guitar/","/effects-of-weather-on-your-guitar/","post","200","The Effects Of Weather On Your Guitar: Top 3 Environmental Factors Explained!","The Effects Of Weather On Your Guitar: Top 3 Environmental Factors Explained!","https://www.electrikjam.com/effects-of-weather-on-your-guitar/","There are misconceptions when it comes to the effects of weather on your guitar. We explain the facts, and break down the best ways to protect your instrument!","2722","12","from_wordpress_export"
"https://www.electrikjam.com/harley-benton-standard-series-guitar-review/","/harley-benton-standard-series-guitar-review/","post","200","The Harley Benton Standard Series Guitar Reviews: Bare-Bones Budget!","The Harley Benton Standard Series Guitar Reviews: Bare-Bones Budget!","https://www.electrikjam.com/harley-benton-standard-series-guitar-review/","Our Harley Benton Standard Series review, taking a look at the amazing deals you can get for under $200! But are they worth it? Are Harley Benton Guitars good?","2536","17","from_wordpress_export"
"https://www.electrikjam.com/harley-benton-deluxe-series-guitars-review/","/harley-benton-deluxe-series-guitars-review/","post","200","Top 5 Harley Benton Deluxe Series Guitars Review: Are They Any Good?","The Top 3 Harley Benton Deluxe Series Guitars Review: Are They Any Good?","https://www.electrikjam.com/harley-benton-deluxe-series-guitars-review/","It Looks like the Harley Benton Deluxe Series has some of the best deals around for budget-minded guitarists. But are they worth it? Today we pick our top 5!","2803","23","from_wordpress_export"
"https://www.electrikjam.com/harley-benton-ex-84-modern-guitar-review/","/harley-benton-ex-84-modern-guitar-review/","post","200","Harley Benton EX-84 Modern Guitar Review: EXPLORING This Budget Beast!","Harley Benton EX-84 Modern Guitar Review: EXPLORING This Budget Beast!","https://www.electrikjam.com/harley-benton-ex-84-modern-guitar-review/","The Harley Benton EX-84 Modern bears a striking resemblance to a particular guitar that was as famous as the guy that played it! But is it any good?","3178","25","from_wordpress_export"
"https://www.electrikjam.com/budget-guitar-multi-effects-units-reviewed/","/budget-guitar-multi-effects-units-reviewed/","post","200","The #1 Budget Guitar Multi Effects Units Reviewed: TONS Of Tones!","The #1 Budget Guitar Multi Effects Units Reviewed: TONS Of Tones!","https://www.electrikjam.com/budget-guitar-multi-effects-units-reviewed/","The budget guitar multi effects market has come a long way in the last few years, and not everyone can afford a Helix! These are easy on the wallet and ears!","3413","20","from_wordpress_export"
"https://www.electrikjam.com/5-best-cheap-guitar-pedals-reviewed/","/5-best-cheap-guitar-pedals-reviewed/","post","200","The 5 Best Cheap Guitar Pedals Reviewed: All Under $60!","The 5 Best Cheap Guitar Pedals Reviewed: GREAT Tones For Under $60!","https://www.electrikjam.com/5-best-cheap-guitar-pedals-reviewed/","I am all about some cheap guitar pedals that sound great, or do one thing REALLY well. Today we take a look at some GREAT pedals that wont break the bank!","3726","21","from_wordpress_export"
"https://www.electrikjam.com/what-are-power-amp-pedals-explained/","/what-are-power-amp-pedals-explained/","post","200","What Are Power Amp Pedals? The #1 Way To Always Be Prepared!","What Are Power Amp Pedals? The #1 Way To Always Be Prepared!","https://www.electrikjam.com/what-are-power-amp-pedals-explained/","Power amp pedals are starting to take off, and they can literally be a lifesaver for gigging guitarists! Some can even be the basis for your entire rig! ","2792","15","from_wordpress_export"
"https://www.electrikjam.com/best-low-wattage-tube-amps-reviewed/","/best-low-wattage-tube-amps-reviewed/","post","200","The 3 Best Low Wattage Tube Amps Reviewed","The 3 Best Low Wattage Tube Amps Reviewed: Recording At Home Has Never Been Easier!","https://www.electrikjam.com/best-low-wattage-tube-amps-reviewed/","If you record at home and have neighbors, taking a look at these best low wattage tube amps can save you a headache! Metaphorically and literally!
","3688","17","from_wordpress_export"
"https://www.electrikjam.com/evh-the-5-best-budget-shredder-guitars/","/evh-the-5-best-budget-shredder-guitars/","post","200","Remembering EVH: The 5 Best Budget Shredder Guitars For 80's Speed!","Remembering EVH: The 5 Best Budget Shredder Guitars For 80’s Speed!","https://www.electrikjam.com/evh-the-5-best-budget-shredder-guitars/","We lost Eddie almost exactly two years ago on October 6th. Today we take a look a the best budget shredder guitars that can help you carry on his legacy!","3123","19","from_wordpress_export"
"https://www.electrikjam.com/blackstar-dept-10-amped-1-review/","/blackstar-dept-10-amped-1-review/","post","200","Blackstar DEPT. 10 AMPED 1 Review: A Portable 100 Watt Monster!","Blackstar DEPT. 10 AMPED 1 Review: A Portable 100 Watt Monster!","https://www.electrikjam.com/blackstar-dept-10-amped-1-review/","The new Blackstar DEPT. 10 AMPED 1 is an amazing guitar amp that can fit right on your pedalboard! There is a LOT to talk about here!
","2864","14","from_wordpress_export"
"https://www.electrikjam.com/jim-root-charvel-pro-mod-guitar-review/","/jim-root-charvel-pro-mod-guitar-review/","post","200","Jim Root Charvel Pro Mod Signature Guitar Review: Simplicity Is The #1 Feature!","Jim Root Charvel Pro Mod Signature Guitar Review: Simplicity Is The #1 Feature!","https://www.electrikjam.com/jim-root-charvel-pro-mod-guitar-review/","The Jim Root Charvel Pro Mod San Dimas is a return to form for the Slipknot guitarist. Today we check out the features and specs of this hot-rod shred machine","2689","19","from_wordpress_export"
"https://www.electrikjam.com/new-smashing-pumpkins-album-atum/","/new-smashing-pumpkins-album-atum/","post","200","New Smashing Pumpkins Album ""Atum"" Release Date Confirmed","New Smashing Pumpkins Album Release Date: When’s It Landing?","https://www.electrikjam.com/new-smashing-pumpkins-album-atum/","There’s a new Smashing Pumpkins album coming called Atum, and it is a sequel to Mellon Collie And The Infinite Sadness. Here’s everything you need to know about when it’s getting a release date…","385","1","from_wordpress_export"
"https://www.electrikjam.com/the-5-best-wah-pedals-for-metal-review/","/the-5-best-wah-pedals-for-metal-review/","post","200","The 5 Best Wah Pedals For Metal Reviewed: Which One Is Best For YOU?","The 5 Best Wah Pedals For Metal Reviewed: Which One Is Best For YOU?","https://www.electrikjam.com/the-5-best-wah-pedals-for-metal-review/","We have checked out the best Wah Pedals for Metal according to online reviews, and today we break down what makes them so awesome!","2420","11","from_wordpress_export"
"https://www.electrikjam.com/floyd-rose-bridge-explained/","/floyd-rose-bridge-explained/","post","200","Floyd Rose Bridge Explained: 40 Years Of Scaring Guitarists To Death!","The Floyd Rose Bridge EXPLAINED: 40 Years Of Scaring Guitarists To Death!","https://www.electrikjam.com/floyd-rose-bridge-explained/","The Floyd Rose Bridge is either an angel or demon, depending on who you are. Today we are going to take a look at the origin, as well as the modern day Floyd!","3271","10","from_wordpress_export"
"https://www.electrikjam.com/floyd-rose-bridge-setup-beginners/","/floyd-rose-bridge-setup-beginners/","post","200","Floyd Rose Bridge Setup: 7 EASY Steps To Dive Bombing For Beginners!","Floyd Rose Bridge Setup: 7 EASY Steps To Dive Bombing For Beginners!","https://www.electrikjam.com/floyd-rose-bridge-setup-beginners/","Performing your first Floyd Rose Bridge setup by yourself can be daunting. But trust me, this can be a lot easier than you think!","3298","8","from_wordpress_export"
"https://www.electrikjam.com/ibanez-vs-jackson/","/ibanez-vs-jackson/","post","200","Ibanez VS Jackson: Comparing The #1 Brands For Shred!","Ibanez VS Jackson: Comparing The Legendary #1 Brands For Shred!","https://www.electrikjam.com/ibanez-vs-jackson/","When it comes to Ibanez VS Jackson guitars, both are shred guitar legends. But which one suits you? Today we take a look at what both brands have to offer!","2634","26","from_wordpress_export"
"https://www.electrikjam.com/doom-metal-rig/","/doom-metal-rig/","post","200","The $1500 Doom Metal Rig: Gigging On A Budget Challenge!","The $1500 Doom Metal Rig: Gigging On A Budget Challenge!","https://www.electrikjam.com/doom-metal-rig/","Can we make a Doom Metal rig for $1500 or less? Today we take on the challenge and see what we come up with for this extremely heavy task! Building A Doom Metal Rig Under $1500? The last time we tackled ""Gigging On a Budget"" we took a look at your typical, versatile ""Rock"" rig. [&hellip;]","3537","24","from_wordpress_export"
"https://www.electrikjam.com/the-top-7-electric-guitar-myths/","/the-top-7-electric-guitar-myths/","post","200","The Top 7 Electric Guitar Myths: Fact or Fiction?","The Top 7 Electric Guitar Myths: Fact or Fiction?","https://www.electrikjam.com/the-top-7-electric-guitar-myths/","Even before the internet, electric guitar myths were passed down through word of mouth. Today, we look at these myths, and debunk the most common ones!","4194","38","from_wordpress_export"
"https://www.electrikjam.com/nux-mighty-amps-review/","/nux-mighty-amps-review/","post","200","NUX Mighty Amps Review: 3 AWESOME Models For Beginners!","NUX Mighty Amps Review: 3 AWESOME Models For Beginners!","https://www.electrikjam.com/nux-mighty-amps-review/","The NUX Mighty amps are a perfect practice buddy for someone who needs a no-nonsense modeling amp with built-in effects! These little guys really rock!","2100","12","from_wordpress_export"
"https://www.electrikjam.com/schecter-omen-elite-2022-review/","/schecter-omen-elite-2022-review/","post","200","Schecter Omen Elite 2022 Review: Revamped 6,7, and 8 Strings","Schecter Omen Elite 2022 Review: Revamped 6,7 and 8 Strings Ready To Shred!","https://www.electrikjam.com/schecter-omen-elite-2022-review/","The Schecter Omen Elite 2022 series made some serious changes to the lineup. Today we go over those changes, and talk about the crazy new features!","2521","26","from_wordpress_export"
"https://www.electrikjam.com/epiphone-power-players-guitar-review/","/epiphone-power-players-guitar-review/","post","200","Epiphone Power Players Guitar Review: The PERFECT Beginner Setup?","Epiphone Power Players Guitar Review: The PERFECT Beginner Setup?","https://www.electrikjam.com/epiphone-power-players-guitar-review/","The Epiphone Power Players series claims to be a ""real"" guitar for beginners of all sizes. So how do they stack up next to the full-size models?","1951","23","from_wordpress_export"
"https://www.electrikjam.com/boss-ga-fc-ex-footswitch-new/","/boss-ga-fc-ex-footswitch-new/","post","200","The BOSS GA FC EX: An Amazing 2022 Overhaul For Katana Users!","The BOSS GA FC EX: An Amazing 2022 Overhaul For Katana Users!","https://www.electrikjam.com/boss-ga-fc-ex-footswitch-new/","The new BOSS Ga Fc Ex Expression Pedal and footswitch is a brand new perspective for Katana users! Today we take a look at all of the new features.","1781","7","from_wordpress_export"
"https://www.electrikjam.com/how-to-mic-a-guitar-amp/","/how-to-mic-a-guitar-amp/","post","200","How To Mic A Guitar Amp: The 3 PRO Positions For Killer Tone!","How To Mic A Guitar Amp: The 3 PRO Positions For Killer Tone!","https://www.electrikjam.com/how-to-mic-a-guitar-amp/","Learning how to mic a guitar amp can be an essential skill when recording, but also for setting up live sound! Today we take a look at the top 3 positions!","3088","9","from_wordpress_export"
"https://www.electrikjam.com/choosing-a-guitar-amplifier/","/choosing-a-guitar-amplifier/","post","200","Choosing A Guitar Amplifier That Doesn't Suck: A Beginner's Guide ","Choosing A Guitar Amplifier That Doesn’t Suck: A Beginner’s Guide","https://www.electrikjam.com/choosing-a-guitar-amplifier/","When it comes to choosing a guitar amplifier, it can be confusing for beginners and veterans alike. Today we walk you through the process, step by step!","4033","36","from_wordpress_export"
"https://www.electrikjam.com/the-beatles-made-jimi-hendrix-famous-heres-how-it-happened/","/the-beatles-made-jimi-hendrix-famous-heres-how-it-happened/","post","200","The Beatles Made Jimi Hendrix Famous – Here's How...","The Beatles Made Jimi Hendrix Famous – Here’s How It Happened…","https://www.electrikjam.com/the-beatles-made-jimi-hendrix-famous-heres-how-it-happened/","The Beatles were the first choice to headline Woodstock but the band declined the position, suggesting Jimi Hendrix replace them…","772","4","from_wordpress_export"
"https://www.electrikjam.com/guitar-amp-types-explained/","/guitar-amp-types-explained/","post","200","Guitar Amp Types Explained: The #1 Guide To Combos, Stacks, And Beyond!","Guitar Amp Types Explained: The #1 Guide To Combos, Stacks, And Beyond!","https://www.electrikjam.com/guitar-amp-types-explained/","There are so many guitar amp types out there! Today we go over each type, and weigh the pros and cons of each to get the best bang for your buck!","4260","34","from_wordpress_export"
"https://www.electrikjam.com/guitar-amp-controls-explained/","/guitar-amp-controls-explained/","post","200","Guitar Amp Controls Explained: The 1st Step To Amazing Tone!","Guitar Amp Controls Explained: The 1st Step Towards AMAZING Tone!","https://www.electrikjam.com/guitar-amp-controls-explained/","Guitar amp controls can be overwhelming. Today, we check out what all of the controls actually do, and how to use them effectively.","3609","19","from_wordpress_export"
"https://www.electrikjam.com/how-much-do-electric-guitars-cost-guide/","/how-much-do-electric-guitars-cost-guide/","post","200","How Much Do Electric Guitars Cost? A Complete Guide…","How Much Do Electric Guitars Cost? A Complete Guide…","https://www.electrikjam.com/how-much-do-electric-guitars-cost-guide/","If you’re new to the world of electric guitars and wondering how much they cost, here’s a quick primer on everything you could possibly ever need to know…","1951","21","from_wordpress_export"
"https://www.electrikjam.com/best-cheap-p90-guitar-gretsch-p90-streamliner-jr-jet-club/","/best-cheap-p90-guitar-gretsch-p90-streamliner-jr-jet-club/","post","200","This Is The Best Cheap P90 Guitar Right Now – Here’s Why","This Is The Best Cheap P90 Guitar Right Now – Here’s Why","https://www.electrikjam.com/best-cheap-p90-guitar-gretsch-p90-streamliner-jr-jet-club/","If you’re looking for a guitar that A) won’t break the bank, B) has a P90 pickup, and C) looks utterly gorgeous, you have got to check out the Gretsch P90 Streamliner Jr Jet Club","1125","2","from_wordpress_export"
"https://www.electrikjam.com/p90-pickups-guide/","/p90-pickups-guide/","post","200","P90 Pickups: A Guide (Inc. Tone, Genre, Pros & Cons)","P90 Pickups: A Guide (Tone, Genre, Pros & Cons)","https://www.electrikjam.com/p90-pickups-guide/","Plenty of guitarists have used P90 pickups over the years, so why aren’t they more popular nowadays? Here’s everything you need to know about P90 Pickups in one complete guide…","1117","9","from_wordpress_export"
"https://www.electrikjam.com/where-guitars-are-made-2022/","/where-guitars-are-made-2022/","post","200","Does It Matter Where Guitars Are Made In 2022? Major Brands Explained!","Does It Matter Where Guitars Are Made In 2022? Major Brands Explained!","https://www.electrikjam.com/where-guitars-are-made-2022/","In the past, where guitars are made was a point of contention for most buyers. But this controversial subject has seen some blurred lines over the last decade.","2972","27","from_wordpress_export"
"https://www.electrikjam.com/cowin-audio-e7-vs-cowin-audio-se8-compared/","/cowin-audio-e7-vs-cowin-audio-se8-compared/","post","200","Cowin Audio E7 vs. Cowin Audio SE8: What's The Difference? ","Cowin Audio E7 vs. Cowin Audio SE8: What’s The Difference?","https://www.electrikjam.com/cowin-audio-e7-vs-cowin-audio-se8-compared/","Recording can be a long process, and having studio monitors is always a good idea. Are the Cowin Audio E7 and SE any good for home recording? Let's find out...","2905","4","from_wordpress_export"
"https://www.electrikjam.com/the-best-guitars-of-2021/","/the-best-guitars-of-2021/","post","200","The Best Guitars We Reviewed In 2022: The Definitive List...","The Best Guitars We Reviewed In 2022: A Definitive List","https://www.electrikjam.com/the-best-guitars-of-2021/","It hasn't been the busiest year for guitar production, but we have our picks for the best guitars of 2022 that cover all kinds of budgets!","5296","46","from_wordpress_export"
"https://www.electrikjam.com/10-metal-bands-that-play-in-standard-tuning/","/10-metal-bands-that-play-in-standard-tuning/","post","200","10 Metal Bands That Play In Standard Tuning","10 Metal Bands That Play In Standard Tuning","https://www.electrikjam.com/10-metal-bands-that-play-in-standard-tuning/","Most metal bands tune down their guitars. But is it essential? No. Here are 10 metal bands that play in standard tuning…","1142","6","from_wordpress_export"
"https://www.electrikjam.com/building-a-guitar-rig/","/building-a-guitar-rig/","post","200","Gigging On A Budget: Building A Guitar Rig For $1500 or LESS!","Gigging On A Budget: Building A Guitar Rig For $1500 or LESS!","https://www.electrikjam.com/building-a-guitar-rig/","Building a Guitar Rig For $1500 or less? Sound Impossible? Today we show you just how far budget gear has come, as we build a Rock Rig for $1500! Building A Guitar Rig With $1500: Rock/Blues We have officially launched our weekly series about Gigging On A Budget, and we thought we would start with [&hellip;]","4048","23","from_wordpress_export"
"https://www.electrikjam.com/recording-with-the-boss-katana-explained/","/recording-with-the-boss-katana-explained/","post","200","Recording With The BOSS Katana Explained: THE Tone Studio V2 Guide!","Recording With The BOSS Katana Explained: THE Tone Studio V2 Guide!","https://www.electrikjam.com/recording-with-the-boss-katana-explained/","Recording With the BOSS Katana has never been easier with the Tone Studio V2 Update. Today we go over the easiest ways to get a great tone recording!","3249","12","from_wordpress_export"
"https://www.electrikjam.com/pantera-reunion-tour/","/pantera-reunion-tour/","post","200","Pantera Reunion Tour: Everything You Need To Know…","Pantera Reunion Tour: Everything You Need To Know…","https://www.electrikjam.com/pantera-reunion-tour/","A Pantera reunion tour is happening. The tour will kick off in 2023. And, yes, this is probably the best news you’ll read all day…","762","3","from_wordpress_export"
"https://www.electrikjam.com/boss-katana-mkii-v2-software/","/boss-katana-mkii-v2-software/","post","200","BOSS Katana MKII V2 Software: A Brand New AMAZING Update!","BOSS Katana MKII V2 Software: A Brand New AMAZING Update!","https://www.electrikjam.com/boss-katana-mkii-v2-software/","Today we take a look at all of the new features in the BOSS Katana MKII V2 Software! Tone Studio just got better for gigging AND recording!","2948","12","from_wordpress_export"
"https://www.electrikjam.com/gigging-on-a-budget/","/gigging-on-a-budget/","post","200","Gigging On A Budget: Can $1500 Build A PRO Guitar Rig?","Gigging On A Budget: Can $1500 Build A PRO Guitar Rig?","https://www.electrikjam.com/gigging-on-a-budget/","Announcing ""Gigging On A Budget"": a new series where we try to build a full, professional guitar rig for budget prices. Each week, we explore a new genre!","1824","21","from_wordpress_export"
"https://www.electrikjam.com/new-blackstar-st-james-review/","/new-blackstar-st-james-review/","post","200","NEW Blackstar St. James Review: The 1st LIGHTWEIGHT Tube Amp?","NEW Blackstar St. James Review: The 1st LIGHTWEIGHT Tube Amp?","https://www.electrikjam.com/new-blackstar-st-james-review/","The new Blackstar St. James claims to be the lightest tube amp combo on the market, and it comes in different combos! Today we check their claims!","3457","16","from_wordpress_export"
"https://www.electrikjam.com/john-lennons-least-favorite-beatles-album-will-surprise-you/","/john-lennons-least-favorite-beatles-album-will-surprise-you/","post","200","John Lennon Hated This Beatles Album – Here's Why... ","John Lennon’s Least Favorite Beatles Album Will Surprise You","https://www.electrikjam.com/john-lennons-least-favorite-beatles-album-will-surprise-you/","John Lennon is one of the most famous musicians to ever walk the earth. But he really wasn’t keen on one of the Beatles’ most famous albums…","888","2","from_wordpress_export"
"https://www.electrikjam.com/boss-katana-100-mkii-review/","/boss-katana-100-mkii-review/","post","200","BOSS Katana 100 MKII Review: The ULTIMATE 1 Year Review!","BOSS Katana 100 MKII Review: The ULTIMATE 1 Year Review!","https://www.electrikjam.com/boss-katana-100-mkii-review/","The BOSS Katana 100 MKII modeling amp has become a staple of many guitarist's rigs these days. There are so many ways to use it, and today we take a look!","3716","21","from_wordpress_export"
"https://www.electrikjam.com/boss-katana-50-watt-vs-100-watt/","/boss-katana-50-watt-vs-100-watt/","post","200","BOSS Katana 50 Watt Vs 100 Watt: What's The Difference? ","BOSS Katana 50 Watt Vs 100 Watt: What’s The Difference?","https://www.electrikjam.com/boss-katana-50-watt-vs-100-watt/","The whole BOSS Katana 50 Watt Vs 100 Watt argument has been discussed a lot when it comes to the power rating. But features are what really what matters.","2637","14","from_wordpress_export"
"https://www.electrikjam.com/adam-jones-epiphone-1979-les-paul-custom-release-date-specs/","/adam-jones-epiphone-1979-les-paul-custom-release-date-specs/","post","200","Adam Jones Epiphone 1979 Les Paul Custom INCOMING...","Adam Jones Epiphone 1979 Les Paul Custom is 100% Happening.","https://www.electrikjam.com/adam-jones-epiphone-1979-les-paul-custom-release-date-specs/","Adam Jones of Tool has teased a new signature model – only this time it looks as if it will be an Epiphone Les Paul Signature model","995","15","from_wordpress_export"
"https://www.electrikjam.com/schecter-nick-johnston-pt-2022/","/schecter-nick-johnston-pt-2022/","post","200","NEW Schecter Nick Johnston PT 2022 Review: Vintage Meets Amazing Innovation!","NEW Schecter Nick Johnston PT 2022 Review: Vintage Meets AMAZING Innovation!","https://www.electrikjam.com/schecter-nick-johnston-pt-2022/","The Schecter Nick Johnston PT model just dropped, and we got out hands on one! Do we have more competition for Fender?","3007","20","from_wordpress_export"
"https://www.electrikjam.com/fender-player-telecaster/","/fender-player-telecaster/","post","200","Fender Player Telecaster Reviews: All Killer, No Filler?","Fender Player Telecaster Reviews: All Killer, No Filler?","https://www.electrikjam.com/fender-player-telecaster/","The Fender Player Telecaster is one of the most popular and best-selling guitars on the planet right now. But is it worth buying? Let’s find out...","1596","7","from_wordpress_export"
"https://www.electrikjam.com/voltreus-release-1st-new-single-2022/","/voltreus-release-1st-new-single-2022/","post","200","VOLTREUS Release 1st New Single: ""Relinquish""","VOLTREUS Release 1st New Single: “Relinquish”","https://www.electrikjam.com/voltreus-release-1st-new-single-2022/","Voltreus was one of the first ""UNDEREXPOSED"" bands that we ever featured, and they have kicked off 2022 with tons of shows. We caught up with the band!","1124","1","from_wordpress_export"
"https://www.electrikjam.com/positive-grid-spark-mini-reviews-is-it-100-legit/","/positive-grid-spark-mini-reviews-is-it-100-legit/","post","200","Positive Grid Spark Mini Reviews: Is It 100% Legit?","Positive Grid Spark Mini Reviews: Is It 100% Legit?","https://www.electrikjam.com/positive-grid-spark-mini-reviews-is-it-100-legit/","Positive Grid’s Spark Amp was a huge, divisive success for the company. But now there’s a smaller, more portable model available. Is the Spark Mini any good? Let’s check out the reviews to find out… 
","1680","6","from_wordpress_export"
"https://www.electrikjam.com/summer-namm-2022-our-1-picks-new-gear/","/summer-namm-2022-our-1-picks-new-gear/","post","200","Summer NAMM 2022: Our #1 Picks For The BEST NEW Gear!","Summer NAMM 2022: Our #1 Picks For NEW Gear!","https://www.electrikjam.com/summer-namm-2022-our-1-picks-new-gear/","Summer NAMM 2022 had a lot of surprises, even if it seems like it was ""quality over quantity"" this year. Today we check out our favorite picks for the show!","2720","17","from_wordpress_export"
"https://www.electrikjam.com/guitar-intervals-for-beginners/","/guitar-intervals-for-beginners/","post","200","Intervals For Beginners: The #1 Way To Unlock The ENTIRE Fretboard!","Intervals For Beginners: The #1 Way To Unlock The ENTIRE Fretboard!","https://www.electrikjam.com/guitar-intervals-for-beginners/","Music theory can be a very daunting subject to tackle for guitarists. Intervals are a way of breaking down the fretboard into easy octaves. Today, we show you the easiest way to learn them! Intervals: The Fretboard In Numbers If you have spent any time learning music theory or scales, then you have probably ran [&hellip;]","2787","6","from_wordpress_export"
"https://www.electrikjam.com/theory-for-guitarists-the-minor-scale/","/theory-for-guitarists-the-minor-scale/","post","200","Minor Scale &amp; 6th Mode Explained: Beginner's Guide...","Minor Scale & 6th Mode Explained: Guitar Theory For Beginners","https://www.electrikjam.com/theory-for-guitarists-the-minor-scale/","We have talked a lot about music theory for guitarists, today we look at the Minor Scale for the first time, and talk about how to use it!","3479","9","from_wordpress_export"
"https://www.electrikjam.com/basic-music-theory-for-guitarists-major-scale/","/basic-music-theory-for-guitarists-major-scale/","post","200","Major Scale &amp; 1st Mode on Guitar Explained (The Easy Way)","Major Scale & 1st Mode on Guitar Explained (The Easy Way)","https://www.electrikjam.com/basic-music-theory-for-guitarists-major-scale/","Getting into basic music theory can be confusing, but we are going to make this much easier! Today we check out the Major Scale, and how it works!","2768","5","from_wordpress_export"
"https://www.electrikjam.com/the-pedals-jack-white-used-to-make-elephant/","/the-pedals-jack-white-used-to-make-elephant/","post","200","The Pedals Jack White Used To Make Elephant","The Pedals Jack White Used To Make Elephant","https://www.electrikjam.com/the-pedals-jack-white-used-to-make-elephant/","Wanna dial in Jack White’s iconic guitar tone? You’ll need a very specific selection of pedals – here’s everything you need to know...","936","5","from_wordpress_export"
"https://www.electrikjam.com/new-schecter-rob-scallon-guitars-review/","/new-schecter-rob-scallon-guitars-review/","post","200","New Schecter Rob Scallon Guitars Review: 6, 7, AND 8 String Configurations!","NEW Schecter Rob Scallon Guitars Review: In 6,7, AND 8 String Configurations!","https://www.electrikjam.com/new-schecter-rob-scallon-guitars-review/","These new Schecter Rob Scallon guitars were teased during the ""Biggest Shred Collab 2021"". Well it looks like they are finally here! Let's take a look!","3981","20","from_wordpress_export"
"https://www.electrikjam.com/electric-guitar-types-and-genres/","/electric-guitar-types-and-genres/","post","200","Electric Guitar Types That Defy Genre: Breaking Rules Since 1952!","Electric Guitar Types And Genres: Does Tradition Even Matter In 2022?","https://www.electrikjam.com/electric-guitar-types-and-genres/","Different Electric guitar types and models all have a specific sound. But there are myths and legends about which guitar is best for a genre. Does it matter?","2531","29","from_wordpress_export"
"https://www.electrikjam.com/jack-white-guitar-tuning/","/jack-white-guitar-tuning/","post","200","Jack White Guitar Tuning – Here’s What He Uses Most…","Jack White Guitar Tuning – Here’s What He Uses Most…","https://www.electrikjam.com/jack-white-guitar-tuning/","What guitar tuning does Jack White use? Here’s a look at all the different tunings he used in The White Stripes, The Dead Weather, and The Raconteurs, as well as his solo records…","1287","8","from_wordpress_export"
"https://www.electrikjam.com/jack-white-loves-horrible-difficult-guitars-heres-why/","/jack-white-loves-horrible-difficult-guitars-heres-why/","post","200","Jack White LOVES Horrible, Difficult Guitars – Here’s Why…","Jack White LOVES Horrible, Difficult Guitars – Here’s Why…","https://www.electrikjam.com/jack-white-loves-horrible-difficult-guitars-heres-why/","Arguably one of the most well-known guitarists of the last 20 years, Jack White has a rather odd relationship with guitars – he likes them cheap and nasty…","884","4","from_wordpress_export"
"https://www.electrikjam.com/positive-grid-riff-review/","/positive-grid-riff-review/","post","200","Positive Grid RIFF Review: A Crazy Way To Record ANYWHERE!","Positive Grid RIFF Review: A Crazy New Way To Record ANYWHERE!","https://www.electrikjam.com/positive-grid-riff-review/","The Positive Grid RIFF is a brand new way to record practically anywhere. But how does it work and what does it come with? Today we break it down.","2837","10","from_wordpress_export"
"https://www.electrikjam.com/new-seymour-duncan-pickups-announced/","/new-seymour-duncan-pickups-announced/","post","200","New Seymour Duncan Pickups 2022: 3 AMAZING Classics!","New Seymour Duncan Pickups Announced For 2022: 3 AMAZING Classics Meet Modern Design!","https://www.electrikjam.com/new-seymour-duncan-pickups-announced/","The 3 new Seymour Duncan pickups that were just announced are modern takes on some classic sounds. Today we got over each one in detail!","3107","16","from_wordpress_export"
"https://www.electrikjam.com/getting-started-with-reaper-daw/","/getting-started-with-reaper-daw/","post","200","Getting Started With REAPER DAW: A Beginner's Guide...","Getting Started With REAPER DAW: A Beginner’s Guide…","https://www.electrikjam.com/getting-started-with-reaper-daw/","The Reaper DAW is often recommended as a great beginner Digital Audio Workstation, but it can be a little confusing for any first timer. Let's learn the basics!","4408","16","from_wordpress_export"
"https://www.electrikjam.com/adam-jones-pedalboard-what-does-tool-guitarist-use/","/adam-jones-pedalboard-what-does-tool-guitarist-use/","post","200","Adam Jones Pedalboard: What Does TOOL Guitarist Use?","Adam Jones Pedalboard: What Does TOOL Guitarist Use?","https://www.electrikjam.com/adam-jones-pedalboard-what-does-tool-guitarist-use/","Adam Jones has a killer, near-instantly recognizable guitar tone that is built on very specific amps, cabinets, and, of course, pedals. Here’s a complete breakdown of Adam Jones’ pedalboard…","968","10","from_wordpress_export"
"https://www.electrikjam.com/guitar-pickup-positions/","/guitar-pickup-positions/","post","200","Guitar Pickup Positions 101: Which Pickup Should You Use For...","Guitar Pickup Positions 101: Which Pickup Should You Use For…","https://www.electrikjam.com/guitar-pickup-positions/","Your guitar pickup positions can be really confusing for beginners, but today we are going to take a look at which pickup positions do what, and how they are usually used. Guitar Pickup Positions: The Beginner's Mystery I get this question from students so often, that I thought it was time to write an article [&hellip;]","4078","23","from_wordpress_export"
"https://www.electrikjam.com/kurt-cobain-pickups/","/kurt-cobain-pickups/","post","200","Kurt Cobain NEVER Used Stock Fender Pickups – Here’s Why…","Kurt Cobain NEVER Used Stock Fender Pickups – Here’s Why…","https://www.electrikjam.com/kurt-cobain-pickups/","No one has ever said that Fender’s stock pickups are crap, but Kurt Cobain clearly wasn’t a fan. Here’s why Kurt ALWAYS swapped out his Fender’s pickups for something a little nastier…","862","10","from_wordpress_export"
"https://www.electrikjam.com/why-kurt-cobain-only-played-crap-fender-guitars/","/why-kurt-cobain-only-played-crap-fender-guitars/","post","200","Why Kurt Cobain ONLY Played “Crap” Fender Guitars…","Why Kurt Cobain ONLY Played “Crap” Fender Guitars…","https://www.electrikjam.com/why-kurt-cobain-only-played-crap-fender-guitars/","Kurt Cobain’s favorite guitar was the Fender Mustang – but not for the reasons you think…","1033","8","from_wordpress_export"
"https://www.electrikjam.com/pallbearer-gear-guitars-guide/","/pallbearer-gear-guitars-guide/","post","200","Pallbearer Gear &amp; Guitars Guide: Dialin’ In The DOOM…","Pallbearer Gear & Guitars Guide: Dialin’ In The DOOM…","https://www.electrikjam.com/pallbearer-gear-guitars-guide/","What guitars and gear to Pallbearer use to dial in its incredible guitar tone? Here’s a guide to ALL the guitars, gear, and pedals used by one of the best doom bands around, Pallbearer…","1320","9","from_wordpress_export"
"https://www.electrikjam.com/johnny-depp-guitar-collection/","/johnny-depp-guitar-collection/","post","200","Johnny Depp’s Extensive Guitar Collection Revealed In Full","Johnny Depp’s Amazing Guitar Collection Revealed","https://www.electrikjam.com/johnny-depp-guitar-collection/","Johnny Depp is an actor but he also loves his guitar and also plays in a band called Hollywood Vampires. Depp also has a wonderfully extensive guitar collection too, as you’d expect… 
","812","4","from_wordpress_export"
"https://www.electrikjam.com/tone-knob-explained/","/tone-knob-explained/","post","200","Your Guitar's Tone Knob Explained: What It Is, And How To Use It Like A PRO!","Your Guitar’s Tone Knob Explained: What It Is, And How To Use It Like A PRO!","https://www.electrikjam.com/tone-knob-explained/","The tone knob often gets looked over on guitars, especially when playing metal music. But it may be more beneficial than you think!","2809","24","from_wordpress_export"
"https://www.electrikjam.com/spark-amp-amp-list/","/spark-amp-amp-list/","post","200","Spark Amp Amp List – All The Amps & What They’re Based On","Spark Amp Amp List – All The Amps & What They’re Based On","https://www.electrikjam.com/spark-amp-amp-list/","Positive Grid’s Spark Amp comes with a huge range of simulated amp tones, as well as effects. Here’s a full breakdown of ALL the amps you get access to inside the Spark Amp","1000","8","from_wordpress_export"
"https://www.electrikjam.com/new-down-album/","/new-down-album/","post","200","New DOWN Album “Potentially” In The Works","New DOWN Album “Potentially” In The Works","https://www.electrikjam.com/new-down-album/","It has been A LONG time since the last DOWN album landed. Is there hope for a new DOWN album? Here’s what you need to know…","799","2","from_wordpress_export"
"https://www.electrikjam.com/how-tools-adam-jones-practices-guitar/","/how-tools-adam-jones-practices-guitar/","post","200","How TOOL’s Adam Jones Actually Practices Guitar Revealed","How TOOL’s Adam Jones Practices Guitar","https://www.electrikjam.com/how-tools-adam-jones-practices-guitar/","Adam Jones is one of the most influential guitarists of the last 20 years. But how does Adam Jones ensure his chops stay nice and frosty? Here's his practice routine...","806","6","from_wordpress_export"
"https://www.electrikjam.com/ezdrummer-2-worth-it/","/ezdrummer-2-worth-it/","post","200","Is EZdrummer 2 Worth It? My Personal Experience...","Is EZdrummer 2 Worth It? My Personal Experience","https://www.electrikjam.com/ezdrummer-2-worth-it/","If you play guitar and regularly write and record songs, but you don’t have access to a drummer, EZdrummer 2 will quickly become your new best friend – here’s why…","2125","4","from_wordpress_export"
"https://www.electrikjam.com/the-peavey-5150-history/","/the-peavey-5150-history/","post","200","Eddie Van Halen Created The Peavey 5150 – Here's How...","That Time Eddie Van Halen Created The Peavey 5150: How & Why It Happened…","https://www.electrikjam.com/the-peavey-5150-history/","The Peavey 5150 is almost synonymous with metal and hard rock. It has seen many iterations over the years, but today we take a look at the classic that Eddie Van Halen created.","2962","3","from_wordpress_export"
"https://www.electrikjam.com/eddie-van-halen-innovative-guitar-gear/","/eddie-van-halen-innovative-guitar-gear/","post","200","Eddie Van Halen Guitar: All The Models, Myths, & Legends","Eddie Van Halen’s Guitars: Exploring The Models, Myths, & Legends…","https://www.electrikjam.com/eddie-van-halen-innovative-guitar-gear/","Eddie Van Halen changed the face of rock and metal with crazy designs. Today we take a look at his biggest accomplishments.","3199","12","from_wordpress_export"
"https://www.electrikjam.com/meshuggah-meme/","/meshuggah-meme/","post","200","The Greatest Meshuggah Meme of ALL TIME…","The Greatest Meshuggah Meme of ALL TIME…","https://www.electrikjam.com/meshuggah-meme/","There are plenty of great Meshuggah memes on the internet but it is one of the newest that takes the title of the greatest Meshuggah meme of all time… 
","715","1","from_wordpress_export"
"https://www.electrikjam.com/ben-weinmans-guitar-is-utterly-stunning-heres-why/","/ben-weinmans-guitar-is-utterly-stunning-heres-why/","post","200","The Guitar Ben Weinman Most Uses is Utterly Stunning...","Ben Weinman’s Guitar is Utterly Stunning – Here’s Why…","https://www.electrikjam.com/ben-weinmans-guitar-is-utterly-stunning-heres-why/","What guitar does Ben Weinman of The Dillinger Escape Plan use? A damn sexy one made by ESP – here’s everything you need to know","787","4","from_wordpress_export"
"https://www.electrikjam.com/esp-vs-ltd-whats-the-difference/","/esp-vs-ltd-whats-the-difference/","post","200","ESP vs LTD – What’s The Difference!?","ESP vs LTD – What’s The Difference!?","https://www.electrikjam.com/esp-vs-ltd-whats-the-difference/","ESP and LTD guitars are both made by the same company, ESP, but the difference between the names can throw off some newer guitarists, so what is the difference between ESP and LTD?","1549","11","from_wordpress_export"
"https://www.electrikjam.com/epiphone-les-paul-prophecy-colors/","/epiphone-les-paul-prophecy-colors/","post","200","Epiphone Les Paul Prophecy Colors: What're Your Options? ","Epiphone Les Paul Prophecy Colors: What’re Your Options?","https://www.electrikjam.com/epiphone-les-paul-prophecy-colors/","The Epiphone Les Paul Prophecy is one of the best modern electric guitars on the market right now – especially for metal. But what colors is the Epiphone Les Paul Prophecy available in? 
","763","8","from_wordpress_export"
"https://www.electrikjam.com/is-spark-amp-battery-powered-what-you-need-to-know/","/is-spark-amp-battery-powered-what-you-need-to-know/","post","200","Is Spark Amp Battery Powered? What You Need To Know","Is Spark Amp Battery Powered? What You Need To Know","https://www.electrikjam.com/is-spark-amp-battery-powered-what-you-need-to-know/","Positive Grid’s Spark Amp is a very cool practice amp, with a futuristic twist that involves amp sims and your phone. But is the Spark Amp battery powered?","984","11","from_wordpress_export"
"https://www.electrikjam.com/john-frusciante-explains-how-to-play-cant-stop-properly/","/john-frusciante-explains-how-to-play-cant-stop-properly/","post","200","John Frusciante Explains How To Play “Can’t Stop” Properly","John Frusciante Explains How To Play “Can’t Stop” Properly","https://www.electrikjam.com/john-frusciante-explains-how-to-play-cant-stop-properly/","John Frusciante explains why 99.9% of guitarists are playing “Can’t Stop” completely wrong…","924","4","from_wordpress_export"
"https://www.electrikjam.com/jimi-hendrix-guitar-pedals-guide/","/jimi-hendrix-guitar-pedals-guide/","post","200","What Guitar Pedals Did Jimi Hendrix Use? A Complete Guide...","The Guitar Pedals Jimi Hendrix Used To Create His Iconic Sound","https://www.electrikjam.com/jimi-hendrix-guitar-pedals-guide/","Jimi Hendrix had an iconic guitar tone, a deafening, heavy, fuzzed-out sound that redefined an entire genre of music. But what pedals did Jimi Hendrix actually use?","1405","15","from_wordpress_export"
"https://www.electrikjam.com/why-john-mayer-ditched-fender-for-prs/","/why-john-mayer-ditched-fender-for-prs/","post","200","Why John Mayer DITCHED Fender For PRS","Why John Mayer DITCHED Fender For PRS","https://www.electrikjam.com/why-john-mayer-ditched-fender-for-prs/","John Mayer used to play Fender Stratocaster guitars but in 2014 he turned his back on the iconic brand and switched to PRS guitars – here’s why…","1708","7","from_wordpress_export"
"https://www.electrikjam.com/jimi-hendrix-guitar-tuning/","/jimi-hendrix-guitar-tuning/","post","200","Jimi Hendrix Loved This Guitar Tuning – Here's Why... ","Jimi Hendrix’s PREFERRED Guitar Tuning – And Why He Used It…","https://www.electrikjam.com/jimi-hendrix-guitar-tuning/","What guitar tuning did Jimi Hendrix use? Here’s an overview of Hendrix’s preferred guitar tuning and why he used it… 
","907","9","from_wordpress_export"
"https://www.electrikjam.com/what-guitar-amps-do-meshuggah-use/","/what-guitar-amps-do-meshuggah-use/","post","200","What Guitar Amps Do Meshuggah Use? A Guide For Djenters…","What Guitar Amps Do Meshuggah Use? A Guide For Djenters…","https://www.electrikjam.com/what-guitar-amps-do-meshuggah-use/","What guitar amps do Meshuggah use? Good question. Here’s the skinny on Meshuggah’s amazing custom-built guitar amps as well as the gear it uses to create its iconic sounds and tones...
","1078","10","from_wordpress_export"
"https://www.electrikjam.com/meshuggah-immutable-review/","/meshuggah-immutable-review/","post","200","Meshuggah IMMUTABLE Review: Djently Does It...","Meshuggah IMMUTABLE Review: Djently Does It…","https://www.electrikjam.com/meshuggah-immutable-review/","Here's my review of Meshuggah's new album IMMUTABLE, a killer record from one of the best and most iconic and experimental metal bands on the planet. ","1520","7","from_wordpress_export"
"https://www.electrikjam.com/orange-crush-amp/","/orange-crush-amp/","post","200","The Orange Crush Amp is The PERFECT Amp – Here's Why...","5 Reasons Why The Orange Crush Amp is The Perfect Amp","https://www.electrikjam.com/orange-crush-amp/","Is the Orange Crush amp any good? Personally, I think they are the perfect practice amp. But which is the best Orange Crush amp model? Let's find out... ","1973","4","from_wordpress_export"
"https://www.electrikjam.com/why-jimi-hendrix-only-played-fender-guitars/","/why-jimi-hendrix-only-played-fender-guitars/","post","200","Why Jimi Hendrix ONLY Played Fender Guitars","Why Jimi Hendrix ONLY Played Fender Guitars","https://www.electrikjam.com/why-jimi-hendrix-only-played-fender-guitars/","Jimi Hendrix was one of the finest guitarists to ever walk the earth. We lost him early. But his legacy and influence lives on. But why did Jimi Hendrix only ever use Fender guitars? 
","1271","10","from_wordpress_export"
"https://www.electrikjam.com/best-strings-for-drop-d-tuning/","/best-strings-for-drop-d-tuning/","post","200","Best Strings For Drop D Tuning: Get Perfect Tension &amp; Tone","Best Strings For Drop D Tuning: Get Perfect Tension & Tone","https://www.electrikjam.com/best-strings-for-drop-d-tuning/","If you’re tuning down to Drop D from standard tuning, you might want to think about switching up your strings. But what are the best strings for Drop D tuning? Let’s find out…
","641","8","from_wordpress_export"
"https://www.electrikjam.com/the-ibanez-jem-777/","/the-ibanez-jem-777/","post","200","The Ibanez JEM 777: Possibly The Most Important Guitar In Metal History?","The Ibanez JEM 777: Possibly The Most Important Guitar In Metal History!","https://www.electrikjam.com/the-ibanez-jem-777/","The Ibanez JEM had a huge effect on the design of electric guitars, and picks ups where Eddie Van Halen left off with innovation. Today, we look at its history.","4457","13","from_wordpress_export"
"https://www.electrikjam.com/best-strings-for-drop-tuning/","/best-strings-for-drop-tuning/","post","200","Best Strings For Drop Tuning: From D Standard To Drop A…","Best Strings For Drop Tuning: From D Standard To Drop A…","https://www.electrikjam.com/best-strings-for-drop-tuning/","Here’s a handy table that details all the best strings for drop tunings – from D Standard to Drop A…. 
","1112","11","from_wordpress_export"
"https://www.electrikjam.com/yamaha-revstar-standard-review/","/yamaha-revstar-standard-review/","post","200","Yamaha Revstar Standard Review: 2 Amazing New Additions!","Yamaha Revstar Standard Review: Amazing New Additions To The Gorgeous Lineup!","https://www.electrikjam.com/yamaha-revstar-standard-review/","The new Yamaha Revstar Standard comes in two different variations, and today we take a look at both! How do they stack up to the Element Series? Yamaha Revstar Standard: Two New Amazing Models! Last week we took a look at the Revstar Element Series which is a budget version of the Revstar. I went [&hellip;]","4463","23","from_wordpress_export"
"https://www.electrikjam.com/ghost-impera-review/","/ghost-impera-review/","post","200","Ghost IMPERA Review: The Classic Rock Album","Ghost IMPERA Review: The Classic Rock Album","https://www.electrikjam.com/ghost-impera-review/","Ghost is never static. It doesn’t do one thing and then run with it. But how does its latest album, IMPERA, stack up against classics like Meliora?","1020","7","from_wordpress_export"
"https://www.electrikjam.com/boss-gx-100-review/","/boss-gx-100-review/","post","200","BOSS GX 100 Review: The Amazingly Affordable All In One!","BOSS GX 100 Review: The Amazingly Affordable All In One Processor!","https://www.electrikjam.com/boss-gx-100-review/","Always playing second fiddle to other brands, the new BOSS GX 100 is out to change that, at a budget price!","4068","17","from_wordpress_export"
"https://www.electrikjam.com/the-guitar-james-hetfield-could-not-live-without/","/the-guitar-james-hetfield-could-not-live-without/","post","200","The Guitar James Hetfield Could Not Live Without...","The Guitar James Hetfield Could Not Live Without…","https://www.electrikjam.com/the-guitar-james-hetfield-could-not-live-without/","James Hetfield has a massive collection of guitars but he does have one guitar that he could not live without… When you’re the frontman and main riff writer of one of the biggest and most influential metal bands to ever exist, and you’ve been doing that for three decades, you tend to amass a huge [&hellip;]","613","10","from_wordpress_export"
"https://www.electrikjam.com/what-guitars-do-ghost-use-a-ghoulish-guide/","/what-guitars-do-ghost-use-a-ghoulish-guide/","post","200","What Guitars Do Ghost Use? A Ghoulish Guide…","What Guitars Do Ghost Use? A Ghoulish Guide…","https://www.electrikjam.com/what-guitars-do-ghost-use-a-ghoulish-guide/","What guitars do Ghost use? In this guide we’ll look at what Tobias Forge uses to record Ghost albums and what his nameless ghouls use when they’re playing live","965","12","from_wordpress_export"
"https://www.electrikjam.com/them-crooked-vultures-new-album-update-whats-the-deal/","/them-crooked-vultures-new-album-update-whats-the-deal/","post","200","Them Crooked Vultures New Album Update: What’s The Deal?","Them Crooked Vultures New Album Update: What’s The Deal?","https://www.electrikjam.com/them-crooked-vultures-new-album-update-whats-the-deal/","There is apparently a new Them Crooked Vultures album in the works. But when can we expect the new Them Crooked Vultures album to get a release date? Them Crooked Vultures, a super-group of epic proportions, featuring members of Led Zeppelin, The Foo Fighters, and Queens of The Stone Age, is apparently looking to sit [&hellip;]","1248","4","from_wordpress_export"
"https://www.electrikjam.com/yamaha-revstar-element-review/","/yamaha-revstar-element-review/","post","200","Yamaha Revstar Element Review: Incredible New Models For 2022! ","Yamaha Revstar Element Review: Incredible New Models For 2022!","https://www.electrikjam.com/yamaha-revstar-element-review/","The Yamaha Revstar Element series is the newest in a large lineup of really great budget guitars. How do they stack up against the more expensive older models? ","3542","15","from_wordpress_export"
"https://www.electrikjam.com/what-guitar-tuning-do-ghost-use/","/what-guitar-tuning-do-ghost-use/","post","200","What Guitar Tuning Do Ghost Use? Get The Devil's Tone...","What Guitar Tuning Do Ghost Use? A Quick Guide…","https://www.electrikjam.com/what-guitar-tuning-do-ghost-use/","From the brain of Tobias Forge, Ghost – previously known as Ghost BC – has produced some of the biggest metal albums of the past few years. But what guitar tuning do Ghost use? Let’s find out…","989","13","from_wordpress_export"
"https://www.electrikjam.com/how-to-souond-like-kyuss/","/how-to-souond-like-kyuss/","post","200","How To Sound Like KYUSS: Dialin’ In The Desert Sound","How To Sound Like KYUSS: Dialin’ In The Desert Sound","https://www.electrikjam.com/how-to-souond-like-kyuss/","If you play guitar and you’re after a guitar tone similar to KYUSS, you’ll need to know how Josh Homme set up his guitar and what gear he used – here’s everything you need to know…","887","11","from_wordpress_export"
"https://www.electrikjam.com/what-kind-of-pickups-are-in-a-les-paul-epiphone/","/what-kind-of-pickups-are-in-a-les-paul-epiphone/","post","200","What Kind Of Pickups Are In A Les Paul Epiphone?","What Kind Of Pickups Are In A Les Paul Epiphone?","https://www.electrikjam.com/what-kind-of-pickups-are-in-a-les-paul-epiphone/","A simple guide to all the potential pickup options used on Epiphone Les Paul guitars – from standard to more expensive options... ","567","14","from_wordpress_export"
"https://www.electrikjam.com/best-epiphone-les-paul-models/","/best-epiphone-les-paul-models/","post","200","The Best Epiphone Les Paul Models 2022: Our #1 Picks...","The Best Epiphone Les Paul Models: 5 TOP Choices for Rock & Metal","https://www.electrikjam.com/best-epiphone-les-paul-models/","Epiphone has always been the affordable option to Gibson for decades now, and every year they seem to get better when it comes to quality. Today, we will look at the top 5 models, spanning all price points.","2014","27","from_wordpress_export"
"https://www.electrikjam.com/the-best-celestion-speakers/","/the-best-celestion-speakers/","post","200","The Best Celestion Speakers: The #1 Way To Enhance Your Tone!","The Best Celestion Speakers: The #1 Way To Enhance Your Tone!","https://www.electrikjam.com/the-best-celestion-speakers/","If you have a problem with your current speakers, or if you just need a change, Celestion Speakers have been tried and true. Today we take a look at the best!","3280","12","from_wordpress_export"
"https://www.electrikjam.com/guitarists-that-use-axe-fx/","/guitarists-that-use-axe-fx/","post","200","9 Guitarists That Use Axe FX (+ Why The Switched)","15 Guitarists That Use Axe FX (+ Why The Switched)","https://www.electrikjam.com/guitarists-that-use-axe-fx/","Axe FX is used by all kinds of guitarists, from The Edge to John Mayer. But what metals bands use Axe FX? Here are some of the best guitarists that switched over to Fractal Audio’s Axe FX…","777","8","from_wordpress_export"
"https://www.electrikjam.com/what-pickups-does-james-hetfield-use/","/what-pickups-does-james-hetfield-use/","post","200","What Pickups Does James Hetfield Use? A Quick Overview…","What Pickups Does James Hetfield Use? A Quick Overview…","https://www.electrikjam.com/what-pickups-does-james-hetfield-use/","James Hetfield is arguably one of the most influential guitarists of all time. His right hand is legendary, as are his riffs. But what pickups does James Hetfield use? Let’s find out…","1035","8","from_wordpress_export"
"https://www.electrikjam.com/what-pickups-does-josh-homme-use/","/what-pickups-does-josh-homme-use/","post","200","What Pickups Does Josh Homme Use? Let’s Find Out…","What Pickups Does Josh Homme Use? Let’s Find Out…","https://www.electrikjam.com/what-pickups-does-josh-homme-use/","Josh Homme has many guitars, most of them odd choices, and plenty of chops. But what pickups does Josh Homme use to dial in his iconic guitar tone? Let’s find out… ","759","5","from_wordpress_export"
"https://www.electrikjam.com/installing-a-speaker-upgrade/","/installing-a-speaker-upgrade/","post","200","Installing A Guitar Speaker Upgrade: The #1 Guide ","Installing A Speaker Upgrade: The #1 Guide To Enhancing Your Guitar Amp’s Tone!","https://www.electrikjam.com/installing-a-speaker-upgrade/","I hear people ask all the time about making their tone better, and sometimes it can be as easy as a speaker upgrade. Today we tell you how!","3332","18","from_wordpress_export"
"https://www.electrikjam.com/bands-that-play-in-d-standard/","/bands-that-play-in-d-standard/","post","200","10 Bands That Play In D Standard","10 Bands That Play In D Standard","https://www.electrikjam.com/bands-that-play-in-d-standard/","D Standard – AKA DGCFAD tuning – is one whole step down from standard tuning. It sounds lower and heavier. And here’s 10 metal bands that play in D Standard 
","1158","20","from_wordpress_export"
"https://www.electrikjam.com/the-forbidden-riff/","/the-forbidden-riff/","post","200","History of “The FORBIDDEN RIFF” – Satan, Page &amp; Wayne's World…","History of “The FORBIDDEN RIFF” – Satan, Page & Wayne’s World…","https://www.electrikjam.com/the-forbidden-riff/","The forbidden riff is a well-known thing amongst guitarists and those that work in guitar stores. But how did the forbidden riff come to be a thing? Here’s the history of the forbidden riff…","1067","5","from_wordpress_export"
"https://www.electrikjam.com/new-joyo-bantamp-models-for-2022/","/new-joyo-bantamp-models-for-2022/","post","200","New JOYO Bantamp Models For 2022: Amazing Miniature Monsters","New JOYO Bantamp Models For 2022: Amazing Miniature Monsters!","https://www.electrikjam.com/new-joyo-bantamp-models-for-2022/","The new Joyo Bantamp series is seriously awesome and affordable options for guitarists that want to downsize! The is even a new cab!","2567","10","from_wordpress_export"
"https://www.electrikjam.com/new-queens-of-the-stone-age-album-release-date-latest-news/","/new-queens-of-the-stone-age-album-release-date-latest-news/","post","200","New Queens of The Stone Age Album: Latest News & Updates","New Queens of The Stone Age Album: Updates & Release Date","https://www.electrikjam.com/new-queens-of-the-stone-age-album-release-date-latest-news/","Will Queens of The Stone Age make another album after Villains, and if so when can we expect a release date? Here’s everything currently known about the new Queens of The Stone Age album…
","1122","5","from_wordpress_export"
"https://www.electrikjam.com/why-the-beatles-used-epiphone-not-gibson/","/why-the-beatles-used-epiphone-not-gibson/","post","200","Why The Beatles Used Epiphone Guitars – Not Gibson","Why The Beatles Used Epiphone Guitars – Not Gibson","https://www.electrikjam.com/why-the-beatles-used-epiphone-not-gibson/","The Beatles were – and still are – one of the biggest bands to ever walk the earth. But why did The Beatles use Epiphone guitars and not the more expensive Gibson models? Let’s find out…
","830","8","from_wordpress_export"
"https://www.electrikjam.com/line-6-catalyst-vs-boss-katana/","/line-6-catalyst-vs-boss-katana/","post","200","Line 6 Catalyst VS BOSS Katana: Which Amp Will Be #1?","Line 6 Catalyst VS BOSS Katana: Which Amp Will Be #1?","https://www.electrikjam.com/line-6-catalyst-vs-boss-katana/","It has only been a week since Line 6 dropped the Catalyst, and people already want a comparison. Line 6 Catalyst VS BOSS Katana, who will win? ","5375","16","from_wordpress_export"
"https://www.electrikjam.com/new-line-6-catalyst-100-amp-review/","/new-line-6-catalyst-100-amp-review/","post","200","Line 6 Catalyst 100 Review: A Giant Attempt To Catch Up With The Katana?","Line 6 Catalyst 100 Review: A Giant Attempt To Catch Up With The Katana?","https://www.electrikjam.com/new-line-6-catalyst-100-amp-review/","The Line 6 Catalyst 100 just surprised everyone this week! I think we all know who this amp is trying to compete with, don't we? ","5402","23","from_wordpress_export"
"https://www.electrikjam.com/best-frfr-guitar-speaker-under-300/","/best-frfr-guitar-speaker-under-300/","post","200","Best FRFR Guitar Speaker Under $300: Our #1 Pick For 2022","Best FRFR Guitar Speaker Under $300","https://www.electrikjam.com/best-frfr-guitar-speaker-under-300/","If you’re looking for a powerful FRFR guitar speaker but you DON’T want to break the bank, what is the best FRFR Guitar Speaker Under $300 right now?","830","3","from_wordpress_export"
"https://www.electrikjam.com/the-7-best-guitar-solos-of-all-time/","/the-7-best-guitar-solos-of-all-time/","post","200","Dissecting The 7 Best Guitar Solos Of All Time: The Classics!","Dissecting The 7 Best Guitar Solos Of All Time: What Makes Them Great?","https://www.electrikjam.com/the-7-best-guitar-solos-of-all-time/","We may not all agree on what the best guitar solos of all time may be, but what makes the timeless solos on this list so amazing? ","6040","21","from_wordpress_export"
"https://www.electrikjam.com/guitar-fretboard-notes-learn/","/guitar-fretboard-notes-learn/","post","200","Guitar Fretboard: How To Learn The Notes (The EASY Way) ","Guitar Fretboard: How To Learn The Notes (The EASY Way) – No Theory, Just One, Simple Actionable Hack…","https://www.electrikjam.com/guitar-fretboard-notes-learn/","If you only know the low E string, this guitar fretboard hack will show you how to find notes all over the neck using one simple principle that ANYONE can follow","1626","11","from_wordpress_export"
"https://www.electrikjam.com/starting-a-band-part-2/","/starting-a-band-part-2/","post","200","Starting A Band Part 2: Essential PRO Steps After The Basics!","Starting A Band Part 2: Essential PRO Steps After You Conquer The Basics!","https://www.electrikjam.com/starting-a-band-part-2/","We have already talked about how involved it is when starting a band, and what you need to do to get ahead and be a professional. Today, we discuss the future!","4714","6","from_wordpress_export"
"https://www.electrikjam.com/the-best-guitar-brands-for-lefties-2022/","/the-best-guitar-brands-for-lefties-2022/","post","200","The Best Guitar Brands For Lefties 2022: Amazing Axes For All Of The Southpaws!","The Best Guitar Brands For Lefties: Amazing Axes For All Of The Southpaws!","https://www.electrikjam.com/the-best-guitar-brands-for-lefties-2022/","Finding the best guitar brands for lefties can me tough sometimes. This is why we have made it easy for you with this awesome list!","3337","32","from_wordpress_export"
"https://www.electrikjam.com/guitar-muting-techniques/","/guitar-muting-techniques/","post","200","3 Essential Guitar Muting Techniques That'll Blow Your Mind","3 Essential Guitar Muting Techniques That’ll Blow Your Mind","https://www.electrikjam.com/guitar-muting-techniques/","One of the main reasons why your playing doesn’t sound professional is that you’re muting sucks. Use these four amazing guitar muting techniques to improve your playing and sound by 1000%…","1385","3","from_wordpress_export"
"https://www.electrikjam.com/drop-d-vs-drop-c-whats-the-difference/","/drop-d-vs-drop-c-whats-the-difference/","post","200","Drop D vs Drop C – What’s The Difference?","Drop D vs Drop C – What’s The Difference?","https://www.electrikjam.com/drop-d-vs-drop-c-whats-the-difference/","A lot of metal bands use Drop D or Drop C tunings. But what is the difference between Drop D vs Drop C tuning on the guitar? Let’s investigate… ","1182","20","from_wordpress_export"
"https://www.electrikjam.com/new-squier-40th-anniversary-guitars/","/new-squier-40th-anniversary-guitars/","post","200","New Squier 40th Anniversary Guitars: Awesome PRO Guitars On A Budget?","New Squier 40th Anniversary Guitars: PRO Guitars On A Budget?","https://www.electrikjam.com/new-squier-40th-anniversary-guitars/","The Squier 40th Anniversary guitars celebrates four decades of affordable Fender models by releasing some very special instruments. But how do they play?","3690","19","from_wordpress_export"
"https://www.electrikjam.com/new-opeth-album-release-date/","/new-opeth-album-release-date/","post","200","New OPETH Album: Latest News & Updates From The Band","New OPETH Album: News & Latest Updates","https://www.electrikjam.com/new-opeth-album-release-date/","In Cauda Venenum got a release in 2019. It’s now 2022. When can we expect a new OPETH album? Here’s ALL the latest news and updates…","894","6","from_wordpress_export"
"https://www.electrikjam.com/the-best-budget-tube-amps/","/the-best-budget-tube-amps/","post","200","The Best Budget Tube Amps; Our #1 Guide For Outstanding Tones!","The Best Budget Tube Amps: Our #1 Guide For Outstanding PRO Tones!","https://www.electrikjam.com/the-best-budget-tube-amps/","Finding the best budget tube amps is difficult, but we managed to get a list together! Let's take a look at some serious tone monsters!","6730","34","from_wordpress_export"
"https://www.electrikjam.com/the-best-gig-bags/","/the-best-gig-bags/","post","200","The Best Gig Bags: 5 Awesome Ways To Travel On ANY Budget","The Best Gig Bags: 5 Awesome Ways To Protect Your Axe On ANY Budget!","https://www.electrikjam.com/the-best-gig-bags/","The best gig bags will not only protect your guitar, but also have some important features that make life as a gigging guitarist much easier. ","5004","15","from_wordpress_export"
"https://www.electrikjam.com/prs-se-silver-sky-review-2022/","/prs-se-silver-sky-review-2022/","post","200","PRS SE Silver Sky Review 2022: The Amazing Hype Is Real!","PRS SE Silver Sky Review: The Most Anticipated Release Of 2022!","https://www.electrikjam.com/prs-se-silver-sky-review-2022/","The PRS SE Silver Sky is the most talked about guitar release right now. I got to play one this week at a local dealer. Is it worth the hype?","2835","14","from_wordpress_export"
"https://www.electrikjam.com/guitar-prices-going-up-in-2022/","/guitar-prices-going-up-in-2022/","post","200","Guitar Prices Going Up In 2022: Things Are Looking Rather Inflated?","Guitar Prices Going Up In 2022: Things Are Looking Rather Inflated?","https://www.electrikjam.com/guitar-prices-going-up-in-2022/","The world has been very different that what we are all used to. The last two years are catching up, and the Guitar prices going up in 2022 is the result. ","3023","20","from_wordpress_export"
"https://www.electrikjam.com/is-a-gibson-les-paul-worth-it-my-2-cents/","/is-a-gibson-les-paul-worth-it-my-2-cents/","post","200","Is A Gibson Les Paul Worth It? My 2 Cents…","Is A Gibson Les Paul Worth It? My 2 Cents…","https://www.electrikjam.com/is-a-gibson-les-paul-worth-it-my-2-cents/","A proper Gibson Les Paul will set you back THOUSANDS of dollars. They’re great guitars sure, some of the best on the market. But is a Gibson Les Paul worth all that money? Let’s find out… 
","2578","16","from_wordpress_export"
"https://www.electrikjam.com/6-epic-guitar-brands-that-arent-gibson-or-fender/","/6-epic-guitar-brands-that-arent-gibson-or-fender/","post","200","6 Epic Guitar Brands That AREN’T Gibson or Fender","6 Epic Guitar Brands That AREN’T Gibson or Fender","https://www.electrikjam.com/6-epic-guitar-brands-that-arent-gibson-or-fender/","If you’ve got $600 to $1000 to drop on a guitar, and you don’t want a Gibson or Fender, here are six amazing guitar brands you need to be looking at – they’re all brilliant… When you think of a guitar, an electric one, most players imagine a Fender Strat or a Gibson Les Paul. Gibson [&hellip;]","1819","16","from_wordpress_export"
"https://www.electrikjam.com/best-guitars-for-doom-metal/","/best-guitars-for-doom-metal/","post","200","The 5 Best Guitars For Doom Metal: The Heaviest Picks For 2022","The 5 Best Guitars For Doom Metal: The Heaviest Picks Right Now","https://www.electrikjam.com/best-guitars-for-doom-metal/","If you want to play doom metal, you'll need the right guitar. In this guide, we look at the history of doom metal as well as the best guitars for doom metal right now","2950","50","from_wordpress_export"
"https://www.electrikjam.com/blackstar-silverline-special-review/","/blackstar-silverline-special-review/","post","200","Blackstar Silverline Special Review: The 50 Watt Heavy Hitter!","Blackstar Silverline Special Review: The 50 Watt Heavy Hitter!","https://www.electrikjam.com/blackstar-silverline-special-review/","The Blackstar Silverline Special is an awesome addition to the digital amp lineup. But this amp is nothing like the ID:Core Series!","1919","9","from_wordpress_export"
"https://www.electrikjam.com/new-tool-album-release-date/","/new-tool-album-release-date/","post","200","New TOOL Album: Updates From The Band & Release Date News","New TOOL Album: Could We See Another One? Yes…","https://www.electrikjam.com/new-tool-album-release-date/","Fear Inoculum is TOOL’s latest record. Before that, it was 10,000 Days. The gap between these two records? A staggering 13 years. But is there hope for a new TOOL album? Let’s find out… 
","1204","5","from_wordpress_export"
"https://www.electrikjam.com/ibanez-az-essentials-review/","/ibanez-az-essentials-review/","post","200","Ibanez AZ Essentials 2022 Review: The Perfect Beginner/Intermediate Guitar?","Ibanez AZ Essentials 2022 Review: The Perfect Beginner/Intermediate Guitar?","https://www.electrikjam.com/ibanez-az-essentials-review/","The Ibanez AZ Essentials guitars were designed to be the best you can get when it comes to affordable beginner instruments. Are they worth it? Let's See!","2098","17","from_wordpress_export"
"https://www.electrikjam.com/fender-mustang-gtx-100-review/","/fender-mustang-gtx-100-review/","post","200","Fender Mustang GTX 100 Review: BEST Versatile Gigging Amp Under $500!","Fender Mustang GTX 100 Review: BEST Versatile Gigging Amp Under $500!","https://www.electrikjam.com/fender-mustang-gtx-100-review/","The Fender Mustang GTX 100 is not a new amp by any means, but it is often overlooked in the world of modeling amps. Let's shine some light on this awesome amp!","2526","13","from_wordpress_export"
"https://www.electrikjam.com/ej-underexposed-presents-voltreus/","/ej-underexposed-presents-voltreus/","post","200","EJ Underexposed Presents: Voltreus","EJ Underexposed Presents: Voltreus","https://www.electrikjam.com/ej-underexposed-presents-voltreus/","Underexposed is a weekly series that explores all kinds of new indie rock and metal! Today we check out some new thoughtful, progressive music with a huge melody! ","2710","14","from_wordpress_export"
"https://www.electrikjam.com/sustainiac-pickup-fixes/","/sustainiac-pickup-fixes/","post","200","Sustainiac Pickup Fixes: The #1 Guide To Troubleshooting This Amazing Pickup!","Sustainiac Pickup Fixes: The #1 Guide To Troubleshooting This Amazing Pickup!","https://www.electrikjam.com/sustainiac-pickup-fixes/","This is the #1 question I get. Sustainiac pickup fixes may seem complex, but it is easy! Your pickup will be working perfectly in no time.","2274","11","from_wordpress_export"
"https://www.electrikjam.com/sire-guitars-l7-review/","/sire-guitars-l7-review/","post","200","Sire Guitars L7 Review: The Astounding Alternative To Epiphone!","Sire Guitars L7 Review: The Astounding Alternative To Epiphone!","https://www.electrikjam.com/sire-guitars-l7-review/","The Sire Guitars L7 is a brand I had never heard of, and I am floored by the quality! Before you decide on buying an Epiphone, you need to see this first!","2687","16","from_wordpress_export"
"https://www.electrikjam.com/fuzz-vs-distortion/","/fuzz-vs-distortion/","post","200","Fuzz vs Distortion: Which is Best / What’s The Difference?","Fuzz vs Distortion: Which is Best / What’s The Difference?","https://www.electrikjam.com/fuzz-vs-distortion/","When it comes to pedals, things can get messy quickly – and expensive. But what is the difference between fuzz and distortion? And which is best for certain styles of music? Let’s find out…","1273","21","from_wordpress_export"
"https://www.electrikjam.com/why-yob-band-is-essential-listening-for-any-music-fan/","/why-yob-band-is-essential-listening-for-any-music-fan/","post","200","Why YOB (Band) Is Essential Listening For Any Music Fan","Why YOB (Band) Is Essential Listening For Any Music Fan","https://www.electrikjam.com/why-yob-band-is-essential-listening-for-any-music-fan/","Like metal but not heard of YOB? You’re missing out on one of the most innovative, brilliant bands making music right now – let’s get that fixed… I have sprawling love affairs with many bands. Some of these relationships go back decades, others are much newer. But I am always on the hunt for new artists [&hellip;]","1585","4","from_wordpress_export"
"https://www.electrikjam.com/why-the-beatles-only-ever-used-vox-amps/","/why-the-beatles-only-ever-used-vox-amps/","post","200","Why The Beatles ONLY Ever Used Vox Amps","Why The Beatles ONLY Ever Used Vox Amps","https://www.electrikjam.com/why-the-beatles-only-ever-used-vox-amps/","Why did The Beatles only ever use Vox amps? Here’s the inside story on the real reason why The Beatles choose to use Vox amps – and it has nothing to do with guitar tone!","1007","6","from_wordpress_export"
"https://www.electrikjam.com/ej-underexposed-presents-hoomzeh-floof/","/ej-underexposed-presents-hoomzeh-floof/","post","200","EJ Underexposed Presents: Hoomzeh ""Floof""","EJ Underexposed Presents: Hoomzeh “Floof”","https://www.electrikjam.com/ej-underexposed-presents-hoomzeh-floof/","Underexposed is a weekly series that explores all kinds of new indie rock and metal! Today we check out some new wild, progressive music with a twist!","1975","7","from_wordpress_export"
"https://www.electrikjam.com/harley-benton-dnafx-pro/","/harley-benton-dnafx-pro/","post","200","Harley Benton DNAfx PRO: A New Update To The Amazing Budget Processor!","Harley Benton DNAfx PRO: A New Update To The Amazing Budget Processor!","https://www.electrikjam.com/harley-benton-dnafx-pro/","The Harley Benton DNAfx PRO was just announced, and it looks like it has taken the original and expanded every feature! Let's take a look!","1972","20","from_wordpress_export"
"https://www.electrikjam.com/5-best-christmas-presents-for-guitar-players/","/5-best-christmas-presents-for-guitar-players/","post","200","5 Best Christmas Presents For Guitar Players: Holiday Shred Cheat Sheet!","5 Best Christmas Presents For Guitar Players: Holiday Shred Cheat Sheet!","https://www.electrikjam.com/5-best-christmas-presents-for-guitar-players/","Getting Christmas presents for guitar players can be a hard task if you don't play yourself. But we have you covered!","1609","10","from_wordpress_export"
"https://www.electrikjam.com/what-are-locking-tuners/","/what-are-locking-tuners/","post","200","Locking Tuners 101: The BEST Guide To This PRO Upgrade!","Locking Tuners 101: The BEST Guide To This PRO Upgrade!","https://www.electrikjam.com/what-are-locking-tuners/","What are locking tuners? Are locking tuners worth it? How do they benefit my guitar? Today we will go over all of this and talk about the best brands!","2217","18","from_wordpress_export"
"https://www.electrikjam.com/ej-underexposed-presents-lytepath-control/","/ej-underexposed-presents-lytepath-control/","post","200","EJ Underexposed Presents: LytePath “Control”","EJ Underexposed Presents: LytePath “Control”","https://www.electrikjam.com/ej-underexposed-presents-lytepath-control/","Underexposed is a new article series where we take a look at up and coming bands that are kicking some serious ass! Today we are checking out Lytepath, and their latest material. Lytepath: The First Installment Of Underexposed! While we have reached out to musicians before, it's time that we made it official! ""Underexposed"" is [&hellip;]","1347","10","from_wordpress_export"
"https://www.electrikjam.com/blackstar-dept-10-review/","/blackstar-dept-10-review/","post","200","Blackstar DEPT 10 Review: Programmable Drive Pedals? Cool!","Blackstar DEPT 10 Review: Programmable Drive Pedals? Cool!","https://www.electrikjam.com/blackstar-dept-10-review/","The Blackstar DEPT 10 Series is comprised of three different pedals with a unique feature; You can plug them into your computer and they are powered by real tubes! Let's take a look at what makes these so special! Blackstar DEPT 10: Real Tubes AND Programmable? I have always thought that Blackstar is an interesting [&hellip;]","2499","12","from_wordpress_export"
"https://www.electrikjam.com/what-are-p90-pickups-good-for-lets-find-out/","/what-are-p90-pickups-good-for-lets-find-out/","post","200","What Are P90 Pickups Good For? Let’s Find Out…","What Are P90 Pickups Good For? Let’s Find Out…","https://www.electrikjam.com/what-are-p90-pickups-good-for-lets-find-out/","When it comes to pickups, you have lots of options. Humbuckers are very popular. Ditto single coil pickups. But what are P90 pickups good for? Let’s find out… ","1414","12","from_wordpress_export"
"https://www.electrikjam.com/stl-amphub-review/","/stl-amphub-review/","post","200","STL AmpHub Review: Absolutely AMAZING Tones For $10?","STL AmpHub Review: The #1 Plugin For People That Hate Plugins!","https://www.electrikjam.com/stl-amphub-review/","Over the past year, we have looked at tons of amp sims, including STL AmpHub. But today we take a look at all of the features! Spoiler: It's amazing!","3505","20","from_wordpress_export"
"https://www.electrikjam.com/harley-benton-amarok-review/","/harley-benton-amarok-review/","post","200","Harley Benton Amarok Review: Amazing Features From The #1 Budget Brand!","Harley Benton Amarok Review: Amazing Features From The #1 Budget Brand!","https://www.electrikjam.com/harley-benton-amarok-review/","The new Harley Benton Amarok Series is an attempt at high end features on a budget shredder. But can Harley Benton pull it off?","2240","17","from_wordpress_export"
"https://www.electrikjam.com/schecter-demon-7-review/","/schecter-demon-7-review/","post","200","Schecter Demon 7 Review: The BEST 7 String under $500?","Schecter Demon 7 Review: The BEST 7 String Guitar Under $500?","https://www.electrikjam.com/schecter-demon-7-review/","Schecter certainly isn't new to the extended range game, but it may be the company that has finally perfected it with the Schecter Demon 7! ","1751","27","from_wordpress_export"
"https://www.electrikjam.com/brand-new-sinaro-playthrough-2021/","/brand-new-sinaro-playthrough-2021/","post","200","Brand NEW SINARO Playthrough 2021: The Band Tells Us About ""Extinction""!","Brand NEW SINARO Playthrough 2021: The Band Tells Us About Humanity’s “Extinction”!","https://www.electrikjam.com/brand-new-sinaro-playthrough-2021/","Today we take a look at what Sinaro has been up to during the lockdowns, and their new playthrough video for a brutal track!","1203","12","from_wordpress_export"
"https://www.electrikjam.com/aio-wolf-guitars-review-2021/","/aio-wolf-guitars-review-2021/","post","200","AIO Wolf Guitars Review 2021: Master Craftsmanship For An Unbelievable Price!","AIO Wolf Guitars Review 2021: Master Craftsmanship For An Unbelievable Price!","https://www.electrikjam.com/aio-wolf-guitars-review-2021/","Have you heard of the new AIO Wolf Guitars? That's funny, because I had not either! Today we check out these amazing LP style guitars.","2096","18","from_wordpress_export"
"https://www.electrikjam.com/harley-benton-fusion-3/","/harley-benton-fusion-3/","post","200","Harley Benton Fusion 3 Review: The Amazing #1 Budget Guitar On The Market?","Harley Benton Fusion 3 Review: The #1 Budget Guitar On The Market?","https://www.electrikjam.com/harley-benton-fusion-3/","The Harley Benton Fusion 3 is a monster of a guitar. Today we check out all of the features of this unbelievably priced axe!","2362","27","from_wordpress_export"
"https://www.electrikjam.com/best-selling-guitars/","/best-selling-guitars/","post","200","The 20 Best Selling Guitars of 2021 REVEALED…","The 20 Best Selling Guitars of 2021 REVEALED…","https://www.electrikjam.com/best-selling-guitars/","What is the most popular guitar model of 2021? Here are the 20 most popular and best-selling guitars of 2021, according to Reverb…","1017","29","from_wordpress_export"
"https://www.electrikjam.com/are-indio-guitars-legit/","/are-indio-guitars-legit/","post","200","Are Indio Guitars Legit: We Take A Deep Dive!","Are Indio Guitars Legit: We Take A Deep Look At The #1 Internet Sensation!","https://www.electrikjam.com/are-indio-guitars-legit/","You have probably heard of these ""too good to be true"" guitars. So are Indio Guitars Legit? We are going to take a look at the models today, and find out! Are Indio Guitars Legit? Really? I recently took a trip to Orlando, Florida and stayed one night. The hotel was nice, but it was [&hellip;]","1511","8","from_wordpress_export"
"https://www.electrikjam.com/what-is-line-6-edit/","/what-is-line-6-edit/","post","200","What Is Line 6 Edit?","What Is Line 6 Edit? The #1 Guide To Crafting Amazing Tones!","https://www.electrikjam.com/what-is-line-6-edit/","What is Line 6 Edit? Today we take a look at the HX Edit Software, and show you how simple it can be!","1414","8","from_wordpress_export"
"https://www.electrikjam.com/mastodon-setlist-for-upcoming-2021-tour-revealed/","/mastodon-setlist-for-upcoming-2021-tour-revealed/","post","200","Mastodon Setlist For Upcoming 2021 Tour REVEALED…","Mastodon Setlist For Upcoming 2021 Tour REVEALED…","https://www.electrikjam.com/mastodon-setlist-for-upcoming-2021-tour-revealed/","Mastodon is about to kick off a US tour with Opeth. And the setlist has apparently been leaked online…","499","4","from_wordpress_export"
"https://www.electrikjam.com/are-line-6-guitar-amps-bad/","/are-line-6-guitar-amps-bad/","post","200","Are Line 6 Guitar Amps Bad? Taking A Look In 2021!","Are Line 6 Guitar Amps Bad? Taking A Look In 2021!","https://www.electrikjam.com/are-line-6-guitar-amps-bad/","We know that Line 6 makes some of the best processors on the planet, but are Line 6 guitar amps bad? Today we take a look at the meme, and tell you the truth.","2037","14","from_wordpress_export"
"https://www.electrikjam.com/new-metallica-album-release-date-new-songs-update/","/new-metallica-album-release-date-new-songs-update/","post","200","New Metallica Album? Updates & Release Date News…","New Metallica Album? Updates & Release Date News…","https://www.electrikjam.com/new-metallica-album-release-date-new-songs-update/","When is the follow-up to 2016’s Hardwired… To Self-Destruct coming out? Here’s everything we currently know about the new Metallica album including new songs and release date news...
","1010","5","from_wordpress_export"
"https://www.electrikjam.com/guitar-center-black-friday-deals/","/guitar-center-black-friday-deals/","post","200","Guitar Center Black Friday Deals – It’s ALREADY STARTED!","Guitar Center Black Friday Deals – It’s ALREADY STARTED!","https://www.electrikjam.com/guitar-center-black-friday-deals/","Black Friday comes but once a year. Still, this hasn’t stopped Guitar Center from jumping the gun and kicking off its Black Friday sales earlier than expected… ","541","5","from_wordpress_export"
"https://www.electrikjam.com/what-epiphone-les-paul-should-i-buy/","/what-epiphone-les-paul-should-i-buy/","post","200","What Epiphone Les Paul Should I Buy? The BEST Guide For 2021!","What Epiphone Les Paul Should I Buy? The BEST Guide For 2021!","https://www.electrikjam.com/what-epiphone-les-paul-should-i-buy/","So you know you want an Epiphone. But what Epiphone Les Paul should I buy? Today we break down the different models, and help you decide which is the best choice! What Epiphone Les Paul Should I Buy? We absolutely LOVE Epiphone here at Electrikjam. Not only are Epiphone guitars affordable, but these are usually [&hellip;]","2056","13","from_wordpress_export"
"https://www.electrikjam.com/are-reverend-guitars-any-good/","/are-reverend-guitars-any-good/","post","200","Are Reverend Guitars Any Good? We Take A Peek At These Unique Aberrations in 2021!","Are Reverend Guitars Any Good? We Take A Peek At These Unique Aberrations!","https://www.electrikjam.com/are-reverend-guitars-any-good/","Reverend is a secret in the world of guitar, and rarely gets any attention. But are Reverend Guitars any good? Today we find out!","1670","12","from_wordpress_export"
"https://www.electrikjam.com/which-guitar-strings-last-longest/","/which-guitar-strings-last-longest/","post","200","Which Guitar Strings Last Longest: The 2021 Scientific Approach To Longevity!","Which Guitar Strings Last Longest: The 2021 Scientific Approach To Longevity!","https://www.electrikjam.com/which-guitar-strings-last-longest/","There are a lot of factors to consider when we look at which guitar strings last longest. You may have a preference, and we might change your mind today!","1870","11","from_wordpress_export"
"https://www.electrikjam.com/mastodon-hushed-and-grim-lyrics/","/mastodon-hushed-and-grim-lyrics/","post","200","Mastodon Hushed and Grim Lyrics – All Tracks In Full","Mastodon Hushed and Grim Lyrics – All Tracks In Full","https://www.electrikjam.com/mastodon-hushed-and-grim-lyrics/","All the lyrics from all the songs on Mastodon’s new Hushed and Grim record, complete with who sings which bits… ","3188","3","from_wordpress_export"
"https://www.electrikjam.com/does-the-do-it-all-guitar-exist/","/does-the-do-it-all-guitar-exist/","post","200","5 Incredible DO IT ALL Guitar Options For Every Budget","5 Incredible “Do It ALL” Guitars For Every Kind of Budget…","https://www.electrikjam.com/does-the-do-it-all-guitar-exist/","Guitarists all the time ask if there is a do it all guitar or ""Swiss Army Guitar"" out there, that can cover any sonic territory. They exist!","2249","24","from_wordpress_export"
"https://www.electrikjam.com/13-ghost-the-band-facts-you-probably-didnt-know/","/13-ghost-the-band-facts-you-probably-didnt-know/","post","200","13 Ghost (The Band) Facts You Probably Didn’t Know...","13 Ghost (The Band) Facts You Probably Didn’t Know","https://www.electrikjam.com/13-ghost-the-band-facts-you-probably-didnt-know/","Ghost – previously known as Ghost BC – are one of the fastest growing metal bands on the planet after exploding onto the scene in 2010. Here are 13 facts you probably didn’t know about Ghost… 
","1655","9","from_wordpress_export"
"https://www.electrikjam.com/steph-carpenters-9-string-esp-guitar/","/steph-carpenters-9-string-esp-guitar/","post","200","Meet Steph Carpenter’s New Custom 9-String ESP Guitar...","Meet Steph Carpenter’s New 9-String ESP Guitar – It’s A MONSTER…","https://www.electrikjam.com/steph-carpenters-9-string-esp-guitar/","The new Deftones record – OHMS – just dropped. And it is the first outing for Steph Carpenter's new ONE OF A KIND custom ESP 9 string guitar...","862","12","from_wordpress_export"
"https://www.electrikjam.com/cheap-8-string-guitar/","/cheap-8-string-guitar/","post","200","Best Cheap 8 String Guitar: Djent For (A LOT) Less","Best Cheap 8 String Guitar: Djent For (A LOT) Less","https://www.electrikjam.com/cheap-8-string-guitar/","8 string guitars can get expensive quickly, but if you’re looking for a cheaper option, this guitar is one of the best cheap 8 string guitars you can buy right now… 
","1069","15","from_wordpress_export"
"https://www.electrikjam.com/best-picks-for-metal/","/best-picks-for-metal/","post","200","The Best Picks For Metal: Our Top 5 Picks For EPIC Shreddin'... ","The Best Picks For Metal: Our Top 5 Picks For Shreddin’…","https://www.electrikjam.com/best-picks-for-metal/","Wanna shred like James Hetfield? You'll need a pick. And NOT just any pick will do. Here’s a guide on how to find the best picks for metal riffage!","1800","9","from_wordpress_export"
"https://www.electrikjam.com/the-best-signature-guitars-in-2021/","/the-best-signature-guitars-in-2021/","post","200","The BEST Signature Guitars In 2021: Artist Models For Every Budget!","The BEST Signature Guitars In 2021: Artist Models For Every Budget!","https://www.electrikjam.com/the-best-signature-guitars-in-2021/","Some of the best signature guitars get overlooked because some guitarists don't want to play an axe with someone else's name one it. ","2764","23","from_wordpress_export"
"https://www.electrikjam.com/schecter-demon-6-worth-it-specs-price/","/schecter-demon-6-worth-it-specs-price/","post","200","Why The Schecter Demon 6 is 100% Worth Buying In 2021 (And Beyond)","Why The Schecter Demon 6 is 100% Worth Buying In 2021 (And Beyond)","https://www.electrikjam.com/schecter-demon-6-worth-it-specs-price/","The Schecter Demon-6 is perhaps one of the best value, affordable guitars on the market right now. If you want to play metal or hard rock, the Schecter Demon-6 is a near-perfect guitar for less than 400 bucks
","951","16","from_wordpress_export"
"https://www.electrikjam.com/fretboard-hacks-that-every-beginner-should-know/","/fretboard-hacks-that-every-beginner-should-know/","post","200","12 Guitar Fretboard Hacks That Every Beginner Should Know","12 Guitar Fretboard Hacks That Every Beginner Should Know","https://www.electrikjam.com/fretboard-hacks-that-every-beginner-should-know/","Learning the guitar fretboard is almost like learning another language. Today, we break down some of the best shortcuts to leaning the fretboard!","3525","15","from_wordpress_export"
"https://www.electrikjam.com/most-common-guitar-tunings/","/most-common-guitar-tunings/","post","200","The 7 Most Common Guitar Tunings Used In Music","The 7 Most Common Guitar Tunings Used In Music","https://www.electrikjam.com/most-common-guitar-tunings/","In this guide, we’ll take a look at the seven most common guitar tunings used by the greats – from standard tuning to Drop A and Open G, we cover all the most-used tunings since the 1960s...
","2006","23","from_wordpress_export"
"https://www.electrikjam.com/drop-d-tuning-guitar-guide/","/drop-d-tuning-guitar-guide/","post","200","Drop D Tuning on Guitar Explained – Beginner Friendly Guide","Drop D Tuning on Guitar Explained (For Absolute Beginners)","https://www.electrikjam.com/drop-d-tuning-guitar-guide/","Drop D tuning on guitar is an alternative tuning. Used predominantly in rock, metal, and blues, drop d tuning is great tool to have in your arsenal. Here’s everything you need to know about drop d tuning… 
","1794","22","from_wordpress_export"
"https://www.electrikjam.com/squier-bullet-stratocaster-review/","/squier-bullet-stratocaster-review/","post","200","Squier Bullet Stratocaster Reviews: Is It Worth Buying?","Squier Bullet Stratocaster Reviews: Is It Worth Buying?","https://www.electrikjam.com/squier-bullet-stratocaster-review/","The Squier Bullet Stratocaster is an extremely affordable guitar that is ideal for beginners. But is the Squier Bullet Stratocaster worth buying in 2021? Let’s find out…","1454","17","from_wordpress_export"
"https://www.electrikjam.com/every-time-i-die-radical-album-review-the-boys-are-back-with-brutality/","/every-time-i-die-radical-album-review-the-boys-are-back-with-brutality/","post","200","Every Time I Die “Radical” Album Review: The Boys Are Back With BRUTALITY!","Every Time I Die “Radical” Album Review: The Boys Are Back With BRUTALITY!","https://www.electrikjam.com/every-time-i-die-radical-album-review-the-boys-are-back-with-brutality/","Our favorite guys from Buffalo are back! Every Time I Die ""Radical"" might be the album we all need after the last two years. Today we check it out, and look at the stand out tracks. Every Time I Die: At It Again&#8230; Buffalo, NY is a pretty dismal place if you've ever had the [&hellip;]","2240","5","from_wordpress_export"
"https://www.electrikjam.com/seymour-duncan-invader-pickup-reviews/","/seymour-duncan-invader-pickup-reviews/","post","200","Seymour Duncan Invader Pickup Reviews: The #1 Pickup For Extreme Metal?","Seymour Duncan Invader Pickup Reviews: The #1 Pickup For Extreme Metal?","https://www.electrikjam.com/seymour-duncan-invader-pickup-reviews/","The Seymour Duncan Invader has been around for years now, and is known to be one of the rowdiest pickups for Metal.","1798","19","from_wordpress_export"
"https://www.electrikjam.com/mike-rutherford-uses-a-200-squier-strat-heres-why/","/mike-rutherford-uses-a-200-squier-strat-heres-why/","post","200","Mike Rutherford Uses A $200 Squier Strat – Here’s Why","Mike Rutherford Uses A $200 Squier Strat – Here’s Why","https://www.electrikjam.com/mike-rutherford-uses-a-200-squier-strat-heres-why/","Mike Rutherford was one of the founding members of Genesis. He later played in Mike and The Mechanics. He’s worth millions. But Rutherford uses a $200 Squier Strat...
","1315","13","from_wordpress_export"
"https://www.electrikjam.com/what-is-a-trembucker/","/what-is-a-trembucker/","post","200","What Is A Trembucker? Don't Worry, We Didn't Know Either!","What Is A Trembucker? Don’t Worry, We Didn’t Know Either!","https://www.electrikjam.com/what-is-a-trembucker/","I had seen the question come up on several forums before. ""What is a Trembucker?"" in regards to a Seymour Duncan Pickup model. Today, we learn why!","892","11","from_wordpress_export"
"https://www.electrikjam.com/adam-jones-names-the-guitarists-that-influenced-him-most/","/adam-jones-names-the-guitarists-that-influenced-him-most/","post","200","Adam Jones Names The Guitarists That Influenced Him Most","Adam Jones Names The Guitarists That Influenced Him Most","https://www.electrikjam.com/adam-jones-names-the-guitarists-that-influenced-him-most/","TOOL’s Adam Jones is one of the most iconic and influential guitarists working today. But who does Adam Jones draw influence from? Here’s Adam Jones’ favorite guitarists of all time… 
","912","7","from_wordpress_export"
"https://www.electrikjam.com/seymour-duncan-pearly-gates-reviews/","/seymour-duncan-pearly-gates-reviews/","post","200","Seymour Duncan Pearly Gates Reviews: Outstanding Versatility And Design!","Seymour Duncan Pearly Gates Reviews: Outstanding Versatility And Design!","https://www.electrikjam.com/seymour-duncan-pearly-gates-reviews/","The Seymour Duncan Pearly Gates pickup was designed with a few specific purposes in mind, but what we got was a genre-defying pickup any guitarist could love!","1829","14","from_wordpress_export"
"https://www.electrikjam.com/what-is-a-line-6-helix/","/what-is-a-line-6-helix/","post","200","What Is A Line 6 Helix? We Break Down The Powerful Beast!","What Is A Line 6 Helix? We Break Down The Powerful Beast!","https://www.electrikjam.com/what-is-a-line-6-helix/","The Line 6 Helix is one of the most popular processors on the market. But what is a Line 6 Helix? For people new to digital processing, this is your first stop!","1311","11","from_wordpress_export"
"https://www.electrikjam.com/is-line-6-hx-stomp-worth-it/","/is-line-6-hx-stomp-worth-it/","post","200","Is Line 6 HX Stomp Worth it? It Absolutely Is, and Here's WHY!","Is Line 6 HX Stomp Worth it? A Second Opinion!","https://www.electrikjam.com/is-line-6-hx-stomp-worth-it/","Lots of people wonder is Line 6 HX Stomp worth it, since it is often viewed as a baby Helix. But that is not the case, at all! Let's take a look at why it is definitely a good buy. Is Line 6 HX Stomp Worth It? It Is For Many Guitarists! The Line 6 [&hellip;]","627","9","from_wordpress_export"
"https://www.electrikjam.com/what-pickups-does-adam-jones-use/","/what-pickups-does-adam-jones-use/","post","200","What Pickups Does Adam Jones Use? You'll Be Surprised...","What Pickups Does Adam Jones Use?","https://www.electrikjam.com/what-pickups-does-adam-jones-use/","Adam Jones of TOOL has one of the most instantly recognisable guitar tones in the business. But what pickups does Adam Jones use? ","997","16","from_wordpress_export"
"https://www.electrikjam.com/must-have-for-recording-guitar/","/must-have-for-recording-guitar/","post","200","Must Have For Recording Guitar: The 4 Essentials For PRO Results!","Must Have For Recording Guitar: The 4 Essentials For PRO Results!","https://www.electrikjam.com/must-have-for-recording-guitar/","Must have for recording guitar: all of the elements you need! Today we take a look at the bare minimum to getting started.","1672","10","from_wordpress_export"
"https://www.electrikjam.com/what-guitars-do-mastodon-use/","/what-guitars-do-mastodon-use/","post","200","What Guitars Do Mastodon Use? Brent n’ Bill’s Gear Detailed…","What Guitars Do Mastodon Use? Brent n’ Bill’s Gear Detailed…","https://www.electrikjam.com/what-guitars-do-mastodon-use/","Mastodon put the ARRR in guitars. As metal bands go, Mastodon is well and truly up there with the greats. But what guitars do Mastodon use? Let’s find out…","949","13","from_wordpress_export"
"https://www.electrikjam.com/schecter-sun-valley-super-shredder-exotic-hardtail/","/schecter-sun-valley-super-shredder-exotic-hardtail/","post","200","Schecter Sun Valley Super Shredder Exotic Hardtail: New And Awesome For 2021!","Schecter Sun Valley Super Shredder Exotic Hardtail: New And Awesome For 2021!","https://www.electrikjam.com/schecter-sun-valley-super-shredder-exotic-hardtail/","The Sun Valley Super Shredder Exotic Hardtail is Schecter's new answer to the fans!","1323","15","from_wordpress_export"
"https://www.electrikjam.com/what-is-the-best-quality-epiphone-les-paul/","/what-is-the-best-quality-epiphone-les-paul/","post","200","What Is The Best Quality Epiphone Les Paul? The 2021 Guide To Budget Beasts!","What Is The Best Quality Epiphone Les Paul? The 2021 Guide To Budget Beasts!","https://www.electrikjam.com/what-is-the-best-quality-epiphone-les-paul/","The Les Paul is iconic in Rock and Roll and Metal. So what is the best quality Epiphone Les Paul out there for the money?
","716","8","from_wordpress_export"
"https://www.electrikjam.com/d-standard-tuning-guide-how-to/","/d-standard-tuning-guide-how-to/","post","200","What is D Standard Tuning? Tutorial &amp; Tips For New Players","What is D Standard Tuning? Tutorial & Tips For New Players","https://www.electrikjam.com/d-standard-tuning-guide-how-to/","D Standard tuning is a great option if you’re going for a heavier sound. Mastodon uses D Standard a lot. Here’s everything you need to know about tuning your guitar down to D Standard… 
","1225","29","from_wordpress_export"
"https://www.electrikjam.com/is-line-6-helix-easy-to-use/","/is-line-6-helix-easy-to-use/","post","200","Is Line 6 Helix Easy To Use? A Look Into The Powerful Processor!","Is Line 6 Helix Easy To Use? A Look Into The Powerful Processor!","https://www.electrikjam.com/is-line-6-helix-easy-to-use/","Helix is everywhere these days. But is Line 6 Helix easy to use? That's gong to depend on a lot of different factors, and today we take a look at all of them.","736","7","from_wordpress_export"
"https://www.electrikjam.com/is-an-epiphone-a-real-les-paul/","/is-an-epiphone-a-real-les-paul/","post","200","Is An Epiphone A Real Les Paul? The #1 Most Asked Question!","Is An Epiphone A Real Les Paul? The #1 Most Asked Question!","https://www.electrikjam.com/is-an-epiphone-a-real-les-paul/","Is an Epiphone a real Les Paul? This is one of the most asked questions we get, and today we set the record straight. The answer might surprise you!","831","12","from_wordpress_export"
"https://www.electrikjam.com/what-guitars-do-meshuggah-use/","/what-guitars-do-meshuggah-use/","post","200","What Guitars Do Meshuggah Use? ","What Guitars Do Meshuggah Use?","https://www.electrikjam.com/what-guitars-do-meshuggah-use/","Meshuggah invented djent. Meshuggah pioneered the use of 8-string guitars in metal. Meshuggah are LEGENDS. But what guitars do Meshuggah use? ","644","11","from_wordpress_export"
"https://www.electrikjam.com/converge-x-chelsea-wolfe-join-forces-for-bloodmoon-i-album/","/converge-x-chelsea-wolfe-join-forces-for-bloodmoon-i-album/","post","200","Converge x Chelsea Wolfe Join Forces For Bloodmoon: I Album","Converge x Chelsea Wolfe Join Forces For Bloodmoon: I Album","https://www.electrikjam.com/converge-x-chelsea-wolfe-join-forces-for-bloodmoon-i-album/","Converge has teamed up with Chelsea Wolfe for a new album called Bloodmoon: I – here’s everything you need to know…","760","4","from_wordpress_export"
"https://www.electrikjam.com/what-are-active-pickups/","/what-are-active-pickups/","post","200","What Are Active Pickups? All You Need To Know!","What Are Active Pickups? All You NEED To Know!","https://www.electrikjam.com/what-are-active-pickups/","It's easy to get confused when checking out the different types of pickups. Today we take a look at active pickups, and how they work. There are tons of different types of pickups out there. There are all kinds of different models, price points, and companies. The truth is, they all definitely make different sounds, [&hellip;]","1240","8","from_wordpress_export"
"https://www.electrikjam.com/seymour-duncan-jb-reviews/","/seymour-duncan-jb-reviews/","post","200","Seymour Duncan JB Reviews: 4 Decades Of Devastating Distortion!","Seymour Duncan JB Reviews: 4 Decades Of Devastating Distortion!","https://www.electrikjam.com/seymour-duncan-jb-reviews/","The Seymour Duncan JB is one of the most popular guitar pickups in the world. Today we take a look at it's legacy, the artists that swear by it, and reviews.","1954","16","from_wordpress_export"
"https://www.electrikjam.com/best-seymour-duncan-pickups-for-metal/","/best-seymour-duncan-pickups-for-metal/","post","200","Best Seymour Duncan Pickups For Metal: My Top 5 Picks...","Best Seymour Duncan Pickups For Metal: My Top 5 Picks…","https://www.electrikjam.com/best-seymour-duncan-pickups-for-metal/","Today we check out the best Seymour Duncan pickups for metal. Pickups can change the entire sound of your rig. But which ones are right for your style? ","2694","25","from_wordpress_export"
"https://www.electrikjam.com/epiphone-sg-vs-epiphone-les-paul/","/epiphone-sg-vs-epiphone-les-paul/","post","200","Epiphone SG vs Epiphone Les Paul – What's The #1 Guitar? ","Epiphone SG vs Epiphone Les Paul – Which is Best?","https://www.electrikjam.com/epiphone-sg-vs-epiphone-les-paul/","In a straight-up Epiphone SG vs Epiphone Les Paul comparison which is the better guitar? In this guide, we take a detailed look at both guitars to find out... ","1994","28","from_wordpress_export"
"https://www.electrikjam.com/what-pickups-do-jazzmasters-have-a-complete-guide-all-models/","/what-pickups-do-jazzmasters-have-a-complete-guide-all-models/","post","200","What Pickups Do Jazzmasters Have? A Complete Guide (All Models)","What Pickups Do Jazzmasters Have? A Complete Guide (All Models)","https://www.electrikjam.com/what-pickups-do-jazzmasters-have-a-complete-guide-all-models/","The Fender Jazzmaster is a popular choice with guitarists; it looks beautiful and plays like a dream. But what pickups do Fender Jazzmasters have? Let’s find out by looking at all the current models The Fender Jazzmaster has been around, in one form or another, since 1958. Used by everybody from The Beach Boys to [&hellip;]","842","12","from_wordpress_export"
"https://www.electrikjam.com/line-6-pod-go-reviews/","/line-6-pod-go-reviews/","post","200","Line 6 POD GO Reviews: The #1 Alternative To The Legendary Helix","Line 6 POD GO Reviews: The #1 Alternative To The Legendary Helix","https://www.electrikjam.com/line-6-pod-go-reviews/","The Line 6 POD GO is not just a cheaper version of the Helix. Today we check out what people think about the POD GO, compared to it's more expensive brother.","2070","17","from_wordpress_export"
"https://www.electrikjam.com/aadgbe-guitar-tuning-drop-a-gettin-proper-low-n-dirty/","/aadgbe-guitar-tuning-drop-a-gettin-proper-low-n-dirty/","post","200","AADGBE Guitar Tuning (Drop A): Gettin’ LOW N’ DIRTY…","AADGBE Guitar Tuning (Drop A): Gettin’ LOW N’ DIRTY…","https://www.electrikjam.com/aadgbe-guitar-tuning-drop-a-gettin-proper-low-n-dirty/","What is AADGBE guitar tuning? What bands use it? And what kind of strings do you need to tune down that low? Let’s dig in and find out…","1041","20","from_wordpress_export"
"https://www.electrikjam.com/guitar-tone-guide-tips-tricks-beginners/","/guitar-tone-guide-tips-tricks-beginners/","post","200","What is Guitar Tone? 5 Essential Tips For Beginners...","Getting A Pro Guitar Tone: 5 Essential Tips All Beginners Need To Know","https://www.electrikjam.com/guitar-tone-guide-tips-tricks-beginners/","How do you get great guitar tone? In this guide, we'll show you how to get amazing tone from your guitar. Even if you're a total beginner...","3209","27","from_wordpress_export"
"https://www.electrikjam.com/line-6-helix-lt-reviews/","/line-6-helix-lt-reviews/","post","200","Line 6 Helix LT Reviews: The Awesome Makeover That The Helix Needed!","Line 6 Helix LT Reviews: The Awesome Makeover That The Helix Needed!","https://www.electrikjam.com/line-6-helix-lt-reviews/","The original Helix Floor pedalboard is definitely a beast of a processor. But The Line 6 Helix LT is a little smaller, more simple, and also a little cheaper!","1575","13","from_wordpress_export"
"https://www.electrikjam.com/what-are-chibson-guitars/","/what-are-chibson-guitars/","post","200","What The Hell Are Chibson Guitars!? A Guide & Warning...","What The Hell Are Chibson Guitars!? A Guide & Warning…","https://www.electrikjam.com/what-are-chibson-guitars/","You’ve heard of Gibson. You’re aware of China. You know about clones and ripped-off designs. Well, that’s what a Chibson guitar is…","1236","17","from_wordpress_export"
"https://www.electrikjam.com/how-heavy-is-the-spark-amp-lets-find-out/","/how-heavy-is-the-spark-amp-lets-find-out/","post","200","How Heavy is The Spark Amp? Let’s Find Out…","How Heavy is The Spark Amp? Let’s Find Out…","https://www.electrikjam.com/how-heavy-is-the-spark-amp-lets-find-out/","How much does Positive Grid’s Spark Amp weigh? Here’s everything you need to know…","900","12","from_wordpress_export"
"https://www.electrikjam.com/bands-that-use-drop-c-tuning/","/bands-that-use-drop-c-tuning/","post","200","10 Bands That Use Drop C Tuning – EMBRACE THE MIGHTY CHUG!","10 Bands That Use Drop C Tuning – EMBRACE THE MIGHTY CHUG!","https://www.electrikjam.com/bands-that-use-drop-c-tuning/","Drop C tuning sounds heavy – heavy as heck. It also makes playing power chords nice and easy too. Here’s 10 awesome bands that use Drop C tuning...
","1680","20","from_wordpress_export"
"https://www.electrikjam.com/epiphone-les-paul-prophecy-weight-its-lighter-than-expected/","/epiphone-les-paul-prophecy-weight-its-lighter-than-expected/","post","200","Epiphone Les Paul Prophecy Weight: It’s LIGHTER Than Expected…","Epiphone Les Paul Prophecy Weight: It’s LIGHTER Than Expected…","https://www.electrikjam.com/epiphone-les-paul-prophecy-weight-its-lighter-than-expected/","The Epiphone Les Paul Prophecy is a stunning guitar with amazing pickups and a beautiful finish. But how much does the Epiphone Les Paul Prophecy weigh?","758","15","from_wordpress_export"
"https://www.electrikjam.com/the-5-best-amps-for-doom-metal-in-2020/","/the-5-best-amps-for-doom-metal-in-2020/","post","200","BEST Amps For Doom Metal: Classic, Modern, and Unorthodox!","BEST Amps For Doom Metal: Classic, Modern, and Unorthodox!","https://www.electrikjam.com/the-5-best-amps-for-doom-metal-in-2020/","Doom Metal is highly specific when it comes to guitar tone, over decades of innovation. So what are the best amps for doom metal in 2020?","2743","11","from_wordpress_export"
"https://www.electrikjam.com/fishman-fluence-modern-review-is-the-hype-legit/","/fishman-fluence-modern-review-is-the-hype-legit/","post","200","Fishman Fluence Modern Pickups Review: Is the Amazing Hype 100% LEGIT? ","Fishman Fluence Modern Review: Is the Hype 100% LEGIT?","https://www.electrikjam.com/fishman-fluence-modern-review-is-the-hype-legit/","Matt Heafy and Willy Adler use them, but are the Fishman Fluence Modern pickups 100% legit? Here's my 2 cents on these ultra-popular pickups...","1610","14","from_wordpress_export"
"https://www.electrikjam.com/spiritbox-eternal-blue-review/","/spiritbox-eternal-blue-review/","post","200","Spiritbox ""Eternal Blue"" Review: Heavy In Fiery High Definition 9/10","Spiritbox “Eternal Blue” Review: Heavy In Fiery High Definition","https://www.electrikjam.com/spiritbox-eternal-blue-review/","Spiritbox has been the talk of the Metal Community for the past two years, slowly releasing singles and making some great music videos. 
","2128","8","from_wordpress_export"
"https://www.electrikjam.com/famous-guitarists-the-guitars-they-use-a-big-ol-list/","/famous-guitarists-the-guitars-they-use-a-big-ol-list/","post","200","Famous Guitarists & The Guitars They Use: A Big 'Ol List... ","Famous Guitarists & The Guitars They Use: A Big ‘Ol List…","https://www.electrikjam.com/famous-guitarists-the-guitars-they-use-a-big-ol-list/","What guitar does James Hetfield play? What about Slash? Or even Ed Sheeran, Dave Grohl, Brian May, Alex Turner, Josh Homme, and Angus Young? I was sick of Googling them, so I decided to make a MEGA TABLE…","2352","33","from_wordpress_export"
"https://www.electrikjam.com/the-line-6-hx-stomp/","/the-line-6-hx-stomp/","post","200","Is The Line 6 HX Stomp Worth It? HELL YES - Here's Why...","Is The Line 6 HX Stomp Worth It? HELL YES – Here’s Why…","https://www.electrikjam.com/the-line-6-hx-stomp/","The Line 6 HX Stomp is one of the newer additions to the Helix family. It's compact, versatile, and looks like it is packed with features. ","2056","16","from_wordpress_export"
"https://www.electrikjam.com/best-les-paul-copy/","/best-les-paul-copy/","post","200","What’s The Best Les Paul Copy? 2021’s KILLER Models","What’s The Best Les Paul Copy? 2021’s KILLER Models","https://www.electrikjam.com/best-les-paul-copy/","If you want a Les Paul but you don’t want to pay Gibson money, what’re the best Les Paul copy models on the market right now? ","891","16","from_wordpress_export"
"https://www.electrikjam.com/what-is-an-frfr-speaker-cabinet-pros-cons/","/what-is-an-frfr-speaker-cabinet-pros-cons/","post","200","What is An FRFR Speaker Cabinet? A Pros & CONS Guide","What is An FRFR Speaker Cabinet? A Pros & CONS Guide","https://www.electrikjam.com/what-is-an-frfr-speaker-cabinet-pros-cons/","In this guide, we’ll cover off what an FRFR speaker cabinet is, how they work, how they compare to standard cabs, and the pros and cons of using them in the studio, in a live setting, and at home…","1252","2","from_wordpress_export"
"https://www.electrikjam.com/line-6-helix-recording-techniques/","/line-6-helix-recording-techniques/","post","200","Line 6 Helix Recording Techniques: The #1 BEST Guide!","Line 6 Helix Recording Techniques: The #1 Guide To Getting Started!","https://www.electrikjam.com/line-6-helix-recording-techniques/","When it comes to Line 6 Helix recording techniques, you have a few different options. This is because the Helix was purposefully designed to be an ""all in one solution"". Let's take a look at how to get started recording with the Helix! Line 6 Helix Recording Techniques: The Options Are VAST Note: As of [&hellip;]","2665","17","from_wordpress_export"
"https://www.electrikjam.com/epiphone-sg-colors/","/epiphone-sg-colors/","post","200","Epiphone SG Colors: What’re Your Options In 2021?","Epiphone SG Colors: What’re Your Options In 2021?","https://www.electrikjam.com/epiphone-sg-colors/","Want an Epiphone SG? Wondering about what color options the guitar is available in? Here’s a complete breakdown of ALL the current available Epiphone SG colors…","1531","24","from_wordpress_export"
"https://www.electrikjam.com/90s-metal-bands/","/90s-metal-bands/","post","200","12 Influential ‘90s Metal Bands Every Millennial Should Listen To","12 Influential ‘90s Metal Bands Every Millennial Should Listen To","https://www.electrikjam.com/90s-metal-bands/","Metal is alive and well in 2021. But its roots go way back. Here’s a guide to the best ‘90s metal bands – my picks for the most influential artists from one of the best decades for music ever…","2006","16","from_wordpress_export"
"https://www.electrikjam.com/matt-heafy-epiphone-mkh-origins-les-paul/","/matt-heafy-epiphone-mkh-origins-les-paul/","post","200","Matt Heafy’s New Epiphone Guitar is Literal Guitar Porn","Matt Heafy’s New Epiphone Guitar is Literal Guitar Porn","https://www.electrikjam.com/matt-heafy-epiphone-mkh-origins-les-paul/","Matt Heafy released a new signature Epiphone Les Paul model in 2021. It’s got Fishman Fluence pickups. And it is truly a thing of beauty… ","986","12","from_wordpress_export"
"https://www.electrikjam.com/new-mastodon-album-2021-release-date-track-list-artwork-detailed/","/new-mastodon-album-2021-release-date-track-list-artwork-detailed/","post","200","New Mastodon Album 2021: Release Date, Track List & Artwork DETAILED","New Mastodon Album 2021: Release Date, Track List & Artwork DETAILED","https://www.electrikjam.com/new-mastodon-album-2021-release-date-track-list-artwork-detailed/","The new Mastodon album for 2021 is official. It’s called Hushed And Grim – here’s everything you need to know about the new record, including its tracklist, release date, and artwork… The new Mastodon album for 2021 is called Hushed and Grim and it will get a release date on October 29. The album, which the [&hellip;]","1189","7","from_wordpress_export"
"https://www.electrikjam.com/jefferson-airplane-takes-center-stage-in-the-matrix-4-trailer/","/jefferson-airplane-takes-center-stage-in-the-matrix-4-trailer/","post","200","Jefferson Airplane Takes Center Stage In The Matrix 4 Trailer","Jefferson Airplane Takes Center Stage In The Matrix 4 Trailer","https://www.electrikjam.com/jefferson-airplane-takes-center-stage-in-the-matrix-4-trailer/","The Matrix 4 trailer just dropped and the main song used in it is Hunter S Thompson Favorite, White Rabbit by Jefferson Airplane ","702","3","from_wordpress_export"
"https://www.electrikjam.com/line-6-helix-reviews-is-it-worth-it/","/line-6-helix-reviews-is-it-worth-it/","post","200","Line 6 Helix Reviews: Is It Worth Tossing Your Amp All Together?","Line 6 Helix Reviews: Is It Worth Tossing Your Amp All Together?","https://www.electrikjam.com/line-6-helix-reviews-is-it-worth-it/","The Line 6 Helix Series Has been out for a few years now. Is it worth tossing out your traditional amp for live gigs? Today we take a look at all of the features, and see if The Helix is the All In One live solution. Modeling technology has come a LONG way in the [&hellip;]","1817","18","from_wordpress_export"
"https://www.electrikjam.com/fender-jaguar-kurt-cobain/","/fender-jaguar-kurt-cobain/","post","200","How Kurt Cobain – And Grunge – Saved The Fender Jaguar","How Kurt Cobain – And Grunge – Saved The Fender Jaguar","https://www.electrikjam.com/fender-jaguar-kurt-cobain/","The Fender Jaguar was meant to surpass the Fender Strat and the Tele. But this didn’t happen. It was a disaster at launch – until grunge came along…","1558","16","from_wordpress_export"
"https://www.electrikjam.com/every-time-i-die-guitar-tunings/","/every-time-i-die-guitar-tunings/","post","200","Every Time I Die Guitar Tunings: What They Use & Why w/ Examples","Every Time I Die Guitar Tunings: What They Use & Why w/ Examples","https://www.electrikjam.com/every-time-i-die-guitar-tunings/","If you try to look up the Every Time I Die Guitar Tunings, you might get confused. Most of the Tabs I have found are very inaccurate. ","1325","13","from_wordpress_export"
"https://www.electrikjam.com/dgcfad-the-guitar-tuning-of-the-gods/","/dgcfad-the-guitar-tuning-of-the-gods/","post","200","DGCFAD - The Guitar Tuning of The Gods…","DGCFAD – The Guitar Tuning of The Gods…","https://www.electrikjam.com/dgcfad-the-guitar-tuning-of-the-gods/","DGCFAD is an alternate tuning you can use on your guitar that is a whole step down from EADGBE. It sounds heavier too which is great for rock, metal, and blues","1051","17","from_wordpress_export"
"https://www.electrikjam.com/the-2021-ibanez-ichi10/","/the-2021-ibanez-ichi10/","post","200","The Ibanez ICHI10: Ibanez Takes An Impressive Shot At The Headless Market","The 2021 Ibanez ICHI10: Ibanez Takes An Impressive Shot At The Headless Market","https://www.electrikjam.com/the-2021-ibanez-ichi10/","Ibanez is a lot of things, but first and foremost they are innovators. The Ibanez ICHI10 is a perfect example of that, and today we take a look!","1213","7","from_wordpress_export"
"https://www.electrikjam.com/pantera-albums-ranked-in-order-of-heaviness/","/pantera-albums-ranked-in-order-of-heaviness/","post","200","Pantera Albums RANKED In Order of Heaviness...","Pantera Albums RANKED In Order of Heaviness","https://www.electrikjam.com/pantera-albums-ranked-in-order-of-heaviness/","This isn’t a best list, nor is a list of Pantera’s albums ranked from best to worst; instead, it is a list of Pantera’s albums in terms of their heaviness – from the crushingly heavy to the downright-crazy-heavy…","1552","7","from_wordpress_export"
"https://www.electrikjam.com/boss-katana-50-reviews/","/boss-katana-50-reviews/","post","200","Boss Katana 50 Reviews: Is It Worth It? Let’s Find Out…","Boss Katana 50 Reviews: Is It Worth It? Let’s Find Out…","https://www.electrikjam.com/boss-katana-50-reviews/","The Boss Katana 50 is an extremely popular amp. Stage-ready with 50W of power, this insanely clever and useful guitar amp has everything you need to create huge sounding tones. But is it worth it? Let’s find out","1293","11","from_wordpress_export"
"https://www.electrikjam.com/is-16-gb-of-ram-enough-for-music-production/","/is-16-gb-of-ram-enough-for-music-production/","post","200","8 or 16 GB of Ram: Which Is Enough For Music Production?","8 or 16 GB of Ram: Which Is Enough For Modern Music Production?","https://www.electrikjam.com/is-16-gb-of-ram-enough-for-music-production/","If you are just getting into recording, there are usually a ton of questions. Is 8 or 16 Gigs of RAM enough these days for regular music production?","2542","10","from_wordpress_export"
"https://www.electrikjam.com/types-of-guitars-guide/","/types-of-guitars-guide/","post","200","All The Different Types of Guitars (+ How They’re Different)","All The Different Types of Guitar (+ How They’re Different): The Ultimate Guide","https://www.electrikjam.com/types-of-guitars-guide/","There are so many types of guitars out there in the wild. It can get very confusing. But we have the ultimate guitar guide for all the different types of guitars! ","5210","52","from_wordpress_export"
"https://www.electrikjam.com/matt-pike-guitar-guide-a-complete-list-of-what-he-uses/","/matt-pike-guitar-guide-a-complete-list-of-what-he-uses/","post","200","Matt Pike Guitar Guide: The COMPLETE List – Amps, Pedals, Strings & More","Matt Pike Guitar Guide: A Complete List of What He Uses","https://www.electrikjam.com/matt-pike-guitar-guide-a-complete-list-of-what-he-uses/","Here’s a complete breakdown of Matt Pike’s guitar, gear, and amps he uses in SLEEP and High on Fire, including his tuning and effects and pedals
","802","9","from_wordpress_export"
"https://www.electrikjam.com/zakk-wylde-quotes-about-life-guitars-black-label-society/","/zakk-wylde-quotes-about-life-guitars-black-label-society/","post","200","%title% %sep% %Zakk Wylde Quotes About Life, Guitars &amp; Black Label Society","Zakk Wylde Quotes About Life, Guitars & Black Label Society","https://www.electrikjam.com/zakk-wylde-quotes-about-life-guitars-black-label-society/","Zakk Wylde has been a consistent presence in the metal scene for over three decades. From doing his own thing with Black Label Society to playing with Ozzy and battling his own demons, the man is a living legend. And here’s some of Zakk Wylde’s best quotes…","1226","8","from_wordpress_export"
"https://www.electrikjam.com/bias-fx-amp-list/","/bias-fx-amp-list/","post","200","BIAS FX Amp List: All The Amps Currently Available... ","BIAS FX Amp List: All The Amps Currently Available…","https://www.electrikjam.com/bias-fx-amp-list/","BIAS FX is one of our favorite guitar amp simulators for Mac and PC. BIAS FX 2 is the latest build of the software and below you'll find the complete BIAS FX amp list... ","1086","5","from_wordpress_export"
"https://www.electrikjam.com/metallica-songs-complete-list-inc-covers-rarities/","/metallica-songs-complete-list-inc-covers-rarities/","post","200","Metallica Songs: A Complete List Inc. Covers &amp; Rarities...","Metallica Songs: A Complete List Inc. Covers & Rarities…","https://www.electrikjam.com/metallica-songs-complete-list-inc-covers-rarities/","Every single Metallica song ever recorded, including covers, rarities, and lesser-known tracks as well as all the bangers we know and love from Metallica's back catalog in one place... ","2458","6","from_wordpress_export"
"https://www.electrikjam.com/what-guitar-pick-does-james-hetfield-use/","/what-guitar-pick-does-james-hetfield-use/","post","200","What Guitar Pick Does James Hetfield Use?","What Guitar Pick Does James Hetfield Use?","https://www.electrikjam.com/what-guitar-pick-does-james-hetfield-use/","Known for creating some of the best riffs ever and having one of the fastest right hands in the business, this dude needs ZERO introductions. But what guitar pick does James Hetfield actually use? When James Hetfield plays guitar, it is kind of mind-blowing. Especially if you play yourself. Hetfield has one of the most [&hellip;]","1219","15","from_wordpress_export"
"https://www.electrikjam.com/we-need-to-talk-about-the-gtrs-intelligent-guitar/","/we-need-to-talk-about-the-gtrs-intelligent-guitar/","post","200","MOOER in 2021: We Need To Talk About The GTRS Intelligent Guitar...","MOOER in 2021: We Need To Talk About The GTRS Intelligent Guitar…","https://www.electrikjam.com/we-need-to-talk-about-the-gtrs-intelligent-guitar/","Every now and then, a new product like the GTRS comes out, and it seems to good to be true. Today, we check out all of the features of the GTRS.","1758","9","from_wordpress_export"
"https://www.electrikjam.com/the-1-best-mini-guitar-amps-money-can-buy-in-2021/","/the-1-best-mini-guitar-amps-money-can-buy-in-2021/","post","200","The #1 Best Mini Guitar Amps Money Can Buy in 2021!","The #1 Best Mini Guitar Amps Money Can Buy in 2021!","https://www.electrikjam.com/the-1-best-mini-guitar-amps-money-can-buy-in-2021/","Mini guitar amps have been all the rage over the past few years. Today we check out our top choices for the best mini guitar amps, and check out the features!","1472","22","from_wordpress_export"
"https://www.electrikjam.com/ibanez-iron-label-2021/","/ibanez-iron-label-2021/","post","200","Ibanez Iron Label 2021: The Xiphos and Iceman Return In Their Most Brutal Forms!","Ibanez Iron Label 2021: The Xiphos and Iceman Return In Their Most Brutal Forms!","https://www.electrikjam.com/ibanez-iron-label-2021/","The Ibanez Iron Label guitars have been a mid-range, stripped down metal-focused lineup. ","1388","9","from_wordpress_export"
"https://www.electrikjam.com/deftones-songs-in-drop-d-a-complete-list/","/deftones-songs-in-drop-d-a-complete-list/","post","200","Deftones Songs In Drop D: A Complete List","Deftones Songs In Drop D: A Complete List","https://www.electrikjam.com/deftones-songs-in-drop-d-a-complete-list/","A lot of Deftones’ older stuff – arguably its best work – is in Drop D tuning. Here’s a complete list of all Deftones songs in Drop D","664","9","from_wordpress_export"
"https://www.electrikjam.com/one-of-the-best-beginner-guitars-epiphone-les-paul-special-2/","/one-of-the-best-beginner-guitars-epiphone-les-paul-special-2/","post","200","One Of The Best Beginner Guitars: Epiphone Les Paul Special 2","One Of The Best Beginner Guitars: Epiphone Les Paul Special 2","https://www.electrikjam.com/one-of-the-best-beginner-guitars-epiphone-les-paul-special-2/","When looking at Beginner Guitars, there are a ton of options out there. So many, if fact, it can be a little overwhelming. T","2254","34","from_wordpress_export"
"https://www.electrikjam.com/the-3-best-strings-for-drop-c-tuning/","/the-3-best-strings-for-drop-c-tuning/","post","200","The 3 Best Strings For Drop C Tuning: Get Ready For Some Insane CHUG!","The 3 Best Strings For Drop C Tuning: Get Ready For Some Insane CHUG!","https://www.electrikjam.com/the-3-best-strings-for-drop-c-tuning/","Getting the right strings for Drop C Tuning can be a hard choice. Heck, getting the right strings for any tuning can be a real pain. ","2234","20","from_wordpress_export"
"https://www.electrikjam.com/starting-a-band-and-getting-your-first-gigs/","/starting-a-band-and-getting-your-first-gigs/","post","200","Starting A Band And Getting Gigs Part 1: A PRO Guide","Starting A Band And Getting Your First Gigs Part 1: A PRO Guide For Jumpstarting Your Career!","https://www.electrikjam.com/starting-a-band-and-getting-your-first-gigs/","So you have some equipment, and you have honed your skills. Starting a band is your next goal! But there are tons of things that you could learn the hard way...","3329","4","from_wordpress_export"
"https://www.electrikjam.com/gibson-vs-epiphone-in-2021/","/gibson-vs-epiphone-in-2021/","post","200","Gibson VS Epiphone In 2021: Which One Is The Best Choice For You?","Gibson VS Epiphone In 2021: Which One Is The Best Choice For You?","https://www.electrikjam.com/gibson-vs-epiphone-in-2021/","The debate as old as time...which one is better for the money; Gibson VS Epiphone? But this isn't just a black and white question. ","3337","25","from_wordpress_export"
"https://www.electrikjam.com/the-best-fender-strat-alternative-in-2021/","/the-best-fender-strat-alternative-in-2021/","post","200","The Top 3 Best Fender Strat Alternative In 2021: Stratocasters That ROCK!","The Top 3 BEST Fender Strat Alternative In 2021: Stratocasters That ROCK!","https://www.electrikjam.com/the-best-fender-strat-alternative-in-2021/","Today, we take a look at some companies that make the best Fender Strat alternatives, and you might be surprised at how awesome they are! ","2717","30","from_wordpress_export"
"https://www.electrikjam.com/jimmy-page-favorite-guitar/","/jimmy-page-favorite-guitar/","post","200","How Jimmy Page Found His Favourite Guitar of All Time","Jimmy Page’s Favourite Guitar is Exactly What You’d Expect It To Be…","https://www.electrikjam.com/jimmy-page-favorite-guitar/","Jimmy Page owns and has used many, many guitars over the years, but only one of his guitars has the status of “number 1” – here's the history of Page's favorite guitar","634","10","from_wordpress_export"
"https://www.electrikjam.com/doom-metal-tunings-the-top-5-best/","/doom-metal-tunings-the-top-5-best/","post","200","The Top 5 Doom Metal Tunings: The Ultimate Guide to Going LOW","The Top 5 Doom Metal Tunings: The Ultimate Guide to Going Insanely LOW!","https://www.electrikjam.com/doom-metal-tunings-the-top-5-best/","Doom Metal is all about being heavy, slow and foreboding. There are several different Doom Metal tunings that the pros prefer and today we check them out. ","2180","31","from_wordpress_export"
"https://www.electrikjam.com/led-zeppelin-guitar-tunings-alternate-tunings/","/led-zeppelin-guitar-tunings-alternate-tunings/","post","200","Led Zeppelin Guitar Tunings: All of Page's Alternate Tunings","Led Zeppelin Guitar Tunings: Alternate Tunings Used By The Band","https://www.electrikjam.com/led-zeppelin-guitar-tunings-alternate-tunings/","Led Zeppelin Guitar Tunings, a complete list – including all of the alternate tunings used by Jimmy Page over the years from DADGAD to CACGCE and more...","808","6","from_wordpress_export"
"https://www.electrikjam.com/how-to-find-fretboard-notes-guitar/","/how-to-find-fretboard-notes-guitar/","post","200","How To EASILY Find & Remember Fretboard Notes on Guitar","How To EASILY Find & Remember Fretboard Notes on Guitar","https://www.electrikjam.com/how-to-find-fretboard-notes-guitar/","Memorizing the fretboard notes on your guitar is one of the best things you can do. Here's a hack that'll help you quickly find and memorize notes on guitar...","1076","7","from_wordpress_export"
"https://www.electrikjam.com/new-schecter-red-reign-e-series-2021/","/new-schecter-red-reign-e-series-2021/","post","200","New Schecter Red Reign E Series: 2021 Just Keeps Getting Better!","New Schecter Red Reign E Series: 2021 Just Keeps Getting Better!","https://www.electrikjam.com/new-schecter-red-reign-e-series-2021/","The Schecter Red Reign Series is an offshoot of the favored ""Apocalypse"" series of guitars that made their mark a few years ago.","1253","17","from_wordpress_export"
"https://www.electrikjam.com/schecter-traditional-van-nuys/","/schecter-traditional-van-nuys/","post","200","Schecter Traditional Van Nuys: Amazing Custom Shop Style On A Budget For 2021!","Schecter Traditional Van Nuys: Amazing Custom Shop Style On A Budget For 2021!","https://www.electrikjam.com/schecter-traditional-van-nuys/","Schecter may be a little late to the party this year with the new models, but the company makes up for it with the Schecter Traditional Van Nuys series.","1578","14","from_wordpress_export"
"https://www.electrikjam.com/new-schecter-svss-exotic-models/","/new-schecter-svss-exotic-models/","post","200","New Schecter SVSS Exotic Models: Finally A New, Beautiful Model For 2021!","New Schecter SVSS Exotic Models: Finally A New, Beautiful Model For 2021!","https://www.electrikjam.com/new-schecter-svss-exotic-models/","We have covered a ton of new guitar models this year. But the Schecter SVSS Exotic is the first new model we have seen from Schecter this year, so far. ","1345","16","from_wordpress_export"
"https://www.electrikjam.com/metallica-guitar-tunings-over-the-years/","/metallica-guitar-tunings-over-the-years/","post","200","Metallica Guitar Tunings Over The Years: The Complete, In-Depth Guide!","Metallica Guitar Tunings Over The Years: The Complete, In-Depth Guide!","https://www.electrikjam.com/metallica-guitar-tunings-over-the-years/","Metallica guitar tunings over the years have actually been pretty varied, although they are known mostly for using standard tuning. You may be surprised!","2325","22","from_wordpress_export"
"https://www.electrikjam.com/how-hard-is-it-to-learn-guitar/","/how-hard-is-it-to-learn-guitar/","post","200","How Hard Is It To Learn Guitar? Beginner FAQs Answered…","How Hard Is It To Learn Guitar? Beginner FAQs Answered…","https://www.electrikjam.com/how-hard-is-it-to-learn-guitar/","How hard is it to learn guitar? How long does it take? Where do you start? Will you ever be any good? Here's EVERYTHING you need to know about starting out... ","3114","21","from_wordpress_export"
"https://www.electrikjam.com/the-5-best-guitar-pedals-under-50-bucks/","/the-5-best-guitar-pedals-under-50-bucks/","post","200","The 5 Best Guitar Pedals Under 50 Bucks: PRO Tone On A Budget!","The 5 Best Guitar Pedals Under 50 Bucks: PRO Tone On A Budget!","https://www.electrikjam.com/the-5-best-guitar-pedals-under-50-bucks/","Everyone loves a good deal right? As we all know, guitar gear can add up quickly. Today we check out the best guitar pedals under 50 dollars.","2248","21","from_wordpress_export"
"https://www.electrikjam.com/the-best-guitar-amps-under-100-bucks/","/the-best-guitar-amps-under-100-bucks/","post","200","The Best Guitar Amps Under 100 Bucks: Our Affordable Picks!","The Best Guitar Amps Under 100 Bucks: Our Top 5 Affordable Picks!","https://www.electrikjam.com/the-best-guitar-amps-under-100-bucks/","Finding the best guitar amps under 100 bucks can be hard. There are tons of choices out there, and not all of them are particularly good! 
","2074","29","from_wordpress_export"
"https://www.electrikjam.com/matt-pike-dopesmoker-sleep/","/matt-pike-dopesmoker-sleep/","post","200","That Time Matt Pike Wrote A 63 Minute Guitar Riff...","That Time Matt Pike Wrote A 63 Minute Guitar Riff…","https://www.electrikjam.com/matt-pike-dopesmoker-sleep/","Matt Pike is many things. But arguably his biggest achievement to date is one, non-stop 63 minute riff that forms the backbone of Sleep’s seminal album, Dopesmoker…","1309","9","from_wordpress_export"
"https://www.electrikjam.com/fender-mustang-micro-uk-release-date/","/fender-mustang-micro-uk-release-date/","post","200","Fender Mustang Micro UK Release Date: When’s It Landing? ","Fender Mustang Micro UK Release Date: When’s It Landing?","https://www.electrikjam.com/fender-mustang-micro-uk-release-date/","What’s the deal with the Fender Mustang Micro’s UK release date? 
","430","7","from_wordpress_export"
"https://www.electrikjam.com/fender-mustang-micro-features-price/","/fender-mustang-micro-features-price/","post","200","Fender Mustang Micro Brings 12 Amps To Your Pocket","Fender Mustang Micro Brings 12 Amps To Your Pocket","https://www.electrikjam.com/fender-mustang-micro-features-price/","The Fender Mustang Micro is a small, compact personal guitar amplifier that is designed to fit in your pocket and go anywhere you go – here's how it works...","760","10","from_wordpress_export"
"https://www.electrikjam.com/expensive-amp-simulators/","/expensive-amp-simulators/","post","200","Expensive Amp Simulators: The PRO Solution For Every Studio in 2021!","Expensive Amp Simulators: The PRO Solution For Every Studio in 2021!","https://www.electrikjam.com/expensive-amp-simulators/","Any expensive amp simulators can be the all in one solution for your studio, whether at home or in a professional setting. ","2490","21","from_wordpress_export"
"https://www.electrikjam.com/connect-guitar-to-macbook-guide/","/connect-guitar-to-macbook-guide/","post","200","How To Connect Guitar To MacBook (The Easy Way) ","How To Connect Guitar To MacBook (The Easy Way)","https://www.electrikjam.com/connect-guitar-to-macbook-guide/","If you have a MacBook, an electric guitar and some basic accessories, you can start recording guitar. This guide will show you how to connect guitar to MacBook – and don't worry, it is super-simple...","1626","16","from_wordpress_export"
"https://www.electrikjam.com/fender-mustang-micro-bass/","/fender-mustang-micro-bass/","post","200","Can You Use Fender Mustang Micro With A Bass? ","Can You Use Fender Mustang Micro With A Bass?","https://www.electrikjam.com/fender-mustang-micro-bass/","The Fender Mustang Micro is a great little tool for playing anywhere. But can the Fender Mustang Micro be used on a bass? 
","1057","9","from_wordpress_export"
"https://www.electrikjam.com/the-best-free-amp-simulators-in-2021/","/the-best-free-amp-simulators-in-2021/","post","200","The Best Free Amp Simulators For Metal in 2021: Great Tone On A Budget!","The Best Free Amp Simulators For Metal in 2021: Great Tone On A Budget!","https://www.electrikjam.com/the-best-free-amp-simulators-in-2021/","Anything that usually has the word ""free"" attached to comes with a stigma. But these free amp simulators defy that logic.","1925","14","from_wordpress_export"
"https://www.electrikjam.com/the-best-amp-simulators-in-2021/","/the-best-amp-simulators-in-2021/","post","200","The Best Amp Simulators in 2021: Going Completely Virtual!","The Best Amp Simulators in 2021: Going Completely Virtual!","https://www.electrikjam.com/the-best-amp-simulators-in-2021/","Amp simulators have really come a long way in the last 5 years. What started two decades ago with Line 6 is now commonplace in studios both at home and professional! Today we take a look at the absolute best! Amp Simulators: They Have Come A long Way&#8230; In the beginning&#8230;there was Line 6. The [&hellip;]","3758","31","from_wordpress_export"
"https://www.electrikjam.com/the-top-5-guitars-evertune-bridge/","/the-top-5-guitars-evertune-bridge/","post","200","The Top 5 Guitars With Factory Installed Evertune Bridges: The Amazing Models For Pros!","The Top 5 Guitars With A Factory Installed Evertune Bridge: The Newest Models For Pros!","https://www.electrikjam.com/the-top-5-guitars-evertune-bridge/","The Evertune bridge has been a big topic in the guitar world lately, and rightfully so! Today we are going to check out some guitars with the Evertune Bridge.","2702","31","from_wordpress_export"
"https://www.electrikjam.com/what-is-an-evertune-bridge-the-1-guide/","/what-is-an-evertune-bridge-the-1-guide/","post","200","What Is An Evertune Bridge? The #1 Guide To This Genius Idea!","What Is An Evertune Bridge? The #1 Guide To This Genius Idea!","https://www.electrikjam.com/what-is-an-evertune-bridge-the-1-guide/","Guitar doesn't get a ton of innovation, even though new products come out every year. This is where the Evertune steps in!
","1773","13","from_wordpress_export"
"https://www.electrikjam.com/are-ibanez-guitars-any-good-a-first-time-buyers-guide/","/are-ibanez-guitars-any-good-a-first-time-buyers-guide/","post","200","Are Ibanez Guitars Any Good? A 1st Time Buyer's Guide","Are Ibanez Guitars Any Good? A First Time Buyer’s Guide","https://www.electrikjam.com/are-ibanez-guitars-any-good-a-first-time-buyers-guide/","We get a lot of people asking ""are Ibanez Guitars any good""? Because they are one of the most popular metal branded guitars. Today we check out the history, and legacy of Ibanez.
","1535","21","from_wordpress_export"
"https://www.electrikjam.com/humbuckers-vs-single-coil-pickups/","/humbuckers-vs-single-coil-pickups/","post","200","Humbuckers vs Single Coil Pickups | What’s Best For Metal?","Humbuckers vs Single Coil Pickups | What’s Best For Metal?","https://www.electrikjam.com/humbuckers-vs-single-coil-pickups/","If you want to play metal on the guitar, which pickups are best for tone and overall sound quality – Humbuckers or Single Coil pickups? Let’s investigate…","1071","18","from_wordpress_export"
"https://www.electrikjam.com/best-cases-for-epiphone-les-paul/","/best-cases-for-epiphone-les-paul/","post","200","Best Cases For Epiphone Les Paul Guitars: 2021’s #1 Picks…","Best Cases For Epiphone Les Paul Guitars: 2021’s #1 Picks…","https://www.electrikjam.com/best-cases-for-epiphone-les-paul/","If you have an Epiphone Les Paul guitar, you need a case too. And right now, these are the Best Cases For Epiphone Les Paul owners – budget to pro-level
","1095","14","from_wordpress_export"
"https://www.electrikjam.com/the-best-fender-guitars-for-metal-our-1-picks/","/the-best-fender-guitars-for-metal-our-1-picks/","post","200","The Best Fender Guitars For Metal: Our Top 3 Picks!","The Best Fender Guitars For Metal: Our Top 3 Picks!","https://www.electrikjam.com/the-best-fender-guitars-for-metal-our-1-picks/","It is pretty rare to mention Fender guitars for Metal music, as they are usually viewed as being a ""Dad"" guitar. But I assure you, they are not!
","1524","26","from_wordpress_export"
"https://www.electrikjam.com/epiphone-sg-standard-vs-epiphone-sg-custom/","/epiphone-sg-standard-vs-epiphone-sg-custom/","post","200","Epiphone SG Standard vs Epiphone SG Custom: What's The Difference?","Epiphone SG Standard Vs Epiphone SG Custom: What’s The Difference?","https://www.electrikjam.com/epiphone-sg-standard-vs-epiphone-sg-custom/","The Gibson SG is an iconic rock guitar. But what is the difference between the Epiphone SG Custom and the Epiphone SG Standard? Let's take a look and find out!
","1139","14","from_wordpress_export"
"https://www.electrikjam.com/best-distortion-pedals-for-beginners/","/best-distortion-pedals-for-beginners/","post","200","Best Distortion Pedals For Beginners: My #1 Picks For 2021","Best Distortion Pedals For Beginners: My #1 Picks For 2021","https://www.electrikjam.com/best-distortion-pedals-for-beginners/","o what is the best distortion pedals for beginners? For people who have never used one before? There are a few options, that are easy to use, and today we are going to talk a little about them!","1748","14","from_wordpress_export"
"https://www.electrikjam.com/gibson-les-paul-custom-vs-gibson-les-paul-standard/","/gibson-les-paul-custom-vs-gibson-les-paul-standard/","post","200","Gibson Les Paul Standard vs. Custom: What’s The Difference? ","Gibson Les Paul Standard vs. Gibson Les Paul Custom: What’s The Difference?","https://www.electrikjam.com/gibson-les-paul-custom-vs-gibson-les-paul-standard/","What is the difference between the Gibson Les Paul Standard and the Gibson Les Paul Custom besides the price? Let’s find out once and for all, shall we? ","1803","24","from_wordpress_export"
"https://www.electrikjam.com/the-top-5-extended-range-guitars-for-2021-going-low/","/the-top-5-extended-range-guitars-for-2021-going-low/","post","200","The Top 5 Extended Range Guitars For 2021: Going Surprisingly Low!","The Top 5 Extended Range Guitars For 2021: Going Surprisingly Low!","https://www.electrikjam.com/the-top-5-extended-range-guitars-for-2021-going-low/","Extended Range Guitars are nothing new, but their popularity has soared in the past decade due to Modern Metal. ","1704","27","from_wordpress_export"
"https://www.electrikjam.com/matt-bellamy-guitar-cort-manson-mbc-1/","/matt-bellamy-guitar-cort-manson-mbc-1/","post","200","Matt Bellamy Guitar – What Does Muse Frontman Use? ","Matt Bellamy Guitar – What Does He Use? This One and It’s A Real Beauty…","https://www.electrikjam.com/matt-bellamy-guitar-cort-manson-mbc-1/","Matt Bellamy guitar questions are pretty common – Muse are HUGE! But did you know Matt has his own Signature series? Meet the Cort Manson MBC-1","742","11","from_wordpress_export"
"https://www.electrikjam.com/best-practice-amps-for-beginners/","/best-practice-amps-for-beginners/","post","200","The 5 BEST Practice Amps for Beginners: Our #1 Picks...","The 5 BEST Practice Amps for Beginners: Our #1 Picks For Metal Heads…","https://www.electrikjam.com/best-practice-amps-for-beginners/","If you want to rock HARD, even if you're at home, you'll need a good practice amp. Here are out 5 best practice amps for beginners.
","3649","37","from_wordpress_export"
"https://www.electrikjam.com/chord-voicing-extensions-for-metal/","/chord-voicing-extensions-for-metal/","post","200","13 Lesser Known Chord Voicing and Extensions for METAL...","13 Lesser Known Chord Voicing and Extensions For Metal, Doom & Stoner Rock","https://www.electrikjam.com/chord-voicing-extensions-for-metal/","Today we explore some lesser known chord voicing and extensions that will spice up your guitar playing. These are perfect for use in metal and rock music","1262","17","from_wordpress_export"
"https://www.electrikjam.com/the-bc-rich-2021-lineup-is-here-new-axes/","/the-bc-rich-2021-lineup-is-here-new-axes/","post","200","The BC Rich 2021 Lineup Is Here: New Axes Built For Speed!","The BC Rich 2021 Lineup Is Here: New Axes Built For Speed!","https://www.electrikjam.com/the-bc-rich-2021-lineup-is-here-new-axes/","From the days when Heavy metal ruled the world! The BC Rich 2021 lineup of the mid-range ""Extreme"" series is really impressive! ","1732","6","from_wordpress_export"
"https://www.electrikjam.com/cort-g300-pro-a-take-on-affordable-boutique/","/cort-g300-pro-a-take-on-affordable-boutique/","post","200","Cort G300 Pro: A Polished Take On Affordable Boutique","Cort G300 Pro: A Polished Take On Affordable Boutique","https://www.electrikjam.com/cort-g300-pro-a-take-on-affordable-boutique/","2020-2021 seems to be the year that Cort Guitars makes their mark, this time with the boutique inspired Cort G300. Today we take a look at Cort's newest offering, and break down all of the features. The Cort G300 Is Blending Affordable Prices With Great Features&#8230; Cort has been absolutely on fire this year. While [&hellip;]","1231","7","from_wordpress_export"
"https://www.electrikjam.com/5-electric-guitar-brands-you-dont-know-but-really-should/","/5-electric-guitar-brands-you-dont-know-but-really-should/","post","200","5 Awesome Electric Guitar Brands You Don't Know, But Really Should!","5 Awesome Electric Guitar Brands You Don’t Know, But Really Should!","https://www.electrikjam.com/5-electric-guitar-brands-you-dont-know-but-really-should/","It's easy to get caught up in the big names when it comes to electric guitar brands. But there is a whole world out there, and lots of great brands that fly under the radar!","1534","22","from_wordpress_export"
"https://www.electrikjam.com/gibson-vs-epiphone-2021-which-is-best/","/gibson-vs-epiphone-2021-which-is-best/","post","200","Gibson VS Epiphone 2021: Which Is Definitively Best? (Spoiler: It's Not Gibson!)","Gibson VS Epiphone 2021: Which Is Best? (Spoiler: It’s Not Gibson!)","https://www.electrikjam.com/gibson-vs-epiphone-2021-which-is-best/","The Argument that is as old as the companies themselves: Gibson VS Epiphone. While technically they are they same company, one is much more pricey than the other. ","1845","13","from_wordpress_export"
"https://www.electrikjam.com/what-is-the-neural-dsp-quad-cortex-an-exclusive-first-look/","/what-is-the-neural-dsp-quad-cortex-an-exclusive-first-look/","post","200","What is The Neural DSP Quad Cortex? An Exclusive First Look for 2021","What is The Neural DSP Quad Cortex? An Exclusive First Look","https://www.electrikjam.com/what-is-the-neural-dsp-quad-cortex-an-exclusive-first-look/","The Neural DSP Quad Cortex is the long awaited product from the Neural DSP geniuses. Originally focus-firing their efforts on amp model sims, now they finally have some hardware!","2073","16","from_wordpress_export"
"https://www.electrikjam.com/jackson-2021-artist-models-new-old-and-unexpected/","/jackson-2021-artist-models-new-old-and-unexpected/","post","200","Jackson 2021 Artist Models: New, Old, Impressive, and Unexpected!","Jackson 2021 Artist Models: New, Old, Impressive, and Unexpected!","https://www.electrikjam.com/jackson-2021-artist-models-new-old-and-unexpected/","This is the week we finally get to see the Jackson 2021 Artist models, and some of them are exactly what you expect. Jackson also has a few tricks up their sleeve this year. ","1857","16","from_wordpress_export"
"https://www.electrikjam.com/dean-guitars-2021-lineup-tons-of-awesome-new-models-and-classic-redesign/","/dean-guitars-2021-lineup-tons-of-awesome-new-models-and-classic-redesign/","post","200","Dean Guitars 2021 Lineup: Tons Of Awesome New Models, and Classic Redesign!","Dean Guitars 2021 Lineup: Tons Of Awesome New Models, and Classic Redesign!","https://www.electrikjam.com/dean-guitars-2021-lineup-tons-of-awesome-new-models-and-classic-redesign/","Dean is the red-headed step child of the Metal guitar world, but hopefully the Dean Guitars 2021 Lineup will change that.","1896","15","from_wordpress_export"
"https://www.electrikjam.com/prs-2021-lineup-some-absolutely-lovely-additions/","/prs-2021-lineup-some-absolutely-lovely-additions/","post","200","PRS 2021 Lineup: Some Absolutely Lovely Additions...","PRS 2021 Lineup: Some Absolutely Lovely Additions To A Legacy","https://www.electrikjam.com/prs-2021-lineup-some-absolutely-lovely-additions/","The PRS 2021 Lineup will not be any surprise to long time fans of the brand, as the company makes slow, gradual moves.  It's all in the details...","2423","15","from_wordpress_export"
"https://www.electrikjam.com/cort-multi-scale-guitars-new-beautiful-models-for-2021/","/cort-multi-scale-guitars-new-beautiful-models-for-2021/","post","200","Cort Multi-Scale Guitars: New, Beautiful Models for 2021!","Cort Multi-Scale Guitars: New, Beautiful Models for 2021!","https://www.electrikjam.com/cort-multi-scale-guitars-new-beautiful-models-for-2021/","Cort Guitars have been on fire this year, and by popular demand, they have decided to release the new Cort Multi-Scale series, in 6 and 7 string models. ","1310","13","from_wordpress_export"
"https://www.electrikjam.com/blackstar-idcore-v3-first-look-amazing-features-and-next-level-tone/","/blackstar-idcore-v3-first-look-amazing-features-and-next-level-tone/","post","200","Blackstar IDCore V3 First Look: Amazing Features And Next Level Tone!","Blackstar IDCore V3 First Look: Amazing Features And Next Level Tone!","https://www.electrikjam.com/blackstar-idcore-v3-first-look-amazing-features-and-next-level-tone/","Blackstar 2021 kicks off with a great new addition to their modeling amp line, the Blackstar IDcore V3 Series. ","1268","9","from_wordpress_export"
"https://www.electrikjam.com/gretsch-vintage-select-89-jet-reissue/","/gretsch-vintage-select-89-jet-reissue/","post","200","Gretsch Vintage Select ’89 Jet Reissue Confirmed For 2021!!!","Gretsch Vintage Select ’89 Jet Reissue Confirmed For 2021","https://www.electrikjam.com/gretsch-vintage-select-89-jet-reissue/","Gretsch will reissue its popular Vintage Select ’89 Jet later on this year, the guitar used by the late Chris Cornell in Soundgarden’s Black Hole Sun video
","414","2","from_wordpress_export"
"https://www.electrikjam.com/bias-fx-2-discount/","/bias-fx-2-discount/","post","200","Get 50% Discount on Positive Grid’s EPIC BIAS FX 2 Software","Get 50% Discount on Positive Grid’s EPIC BIAS FX 2 Software","https://www.electrikjam.com/bias-fx-2-discount/","If you’ve been holding off on buying BIAS FX until the new year, waiting for a discount, your patience has been rewarded – you can now save 51% on BIAS FX 2","575","6","from_wordpress_export"
"https://www.electrikjam.com/epiphone-slash-signature-series/","/epiphone-slash-signature-series/","post","200","The Legendary Epiphone Slash Signature Series COMING In 2021…","The Legendary Epiphone Slash Signature Series COMING In 2021…","https://www.electrikjam.com/epiphone-slash-signature-series/","2021’s shaping up to be EPIC with the Epiphone  Slash Signature Series scheduled for a release later on this year… ","1065","9","from_wordpress_export"
"https://www.electrikjam.com/are-expensive-guitar-cables-worth-it-top-5-cables/","/are-expensive-guitar-cables-worth-it-top-5-cables/","post","200","Are Expensive Guitar Cables Worth it? OUR Top 5 Guitar Cables.","Are Expensive Guitar Cables Worth it? OUR Top 5 Guitar Cables.","https://www.electrikjam.com/are-expensive-guitar-cables-worth-it-top-5-cables/","Today we take a look at expensive guitar cables, and budget cables to see if there is any real difference. ","2001","20","from_wordpress_export"
"https://www.electrikjam.com/essential-electric-guitar-gear-everyone-should-own-a-beginners-guide/","/essential-electric-guitar-gear-everyone-should-own-a-beginners-guide/","post","200","Essential Electric Guitar Gear Everyone Should Own: A Beginner's Guide","Essential Electric Guitar Gear Everyone Should Own: A Beginner’s Guide","https://www.electrikjam.com/essential-electric-guitar-gear-everyone-should-own-a-beginners-guide/","Today we break everything down to make an easy, concise list of essential electric guitar gear that everyone should own.","1212","28","from_wordpress_export"
"https://www.electrikjam.com/how-to-buy-expensive-guitar-for-less/","/how-to-buy-expensive-guitar-for-less/","post","200","How To Buy An Expensive Guitar (FOR LESS): Buying Tips… ","How To Buy An Expensive Guitar (FOR LESS): Buying Tips…","https://www.electrikjam.com/how-to-buy-expensive-guitar-for-less/","If you’re after buy an expensive guitar, but you’re not exactly cash-rich what are you best options? Let’s review the best ways to buy an expensive guitar… 
","1178","19","from_wordpress_export"
"https://www.electrikjam.com/new-ibanez-2021-lineup-new-spins-on-classical-designs/","/new-ibanez-2021-lineup-new-spins-on-classical-designs/","post","200"," Ibanez 2021 Lineup First Look: New, Interesting Spins On Classical Designs!","Ibanez 2021 Lineup First Look: New, Interesting Spins On Classic Designs!","https://www.electrikjam.com/new-ibanez-2021-lineup-new-spins-on-classical-designs/","Ibanez is no stranger in the Metal world and the Ibanez 2021 lineup has just been made available to the public. Lets take a first look!","2053","11","from_wordpress_export"
"https://www.electrikjam.com/how-to-palm-mute/","/how-to-palm-mute/","post","200","How To Palm Mute: A Complete Beginner's Guide","How To Palm Mute (Like A Metal GOD): Our #1 Tips…","https://www.electrikjam.com/how-to-palm-mute/","There are tons of guitar techniques that are important to being an effective metal guitarist. Knowing how to palm mute is an essential part of playing guitar in all aspects, but especially with metal music. Today we take a look at how to palm mute, and why it's important. How To Palm Mute: Wait&#8230;What IS [&hellip;]","1283","11","from_wordpress_export"
"https://www.electrikjam.com/m-audio-releases-the-m-track-solo-and-duo/","/m-audio-releases-the-m-track-solo-and-duo/","post","200","M-Audio Releases The M-Track Solo and Duo: Affordable Guitar Interface for 2020!","M-Audio Releases The M-Track Solo and Duo: Affordable Guitar Interface for 2020!","https://www.electrikjam.com/m-audio-releases-the-m-track-solo-and-duo/","Learning how to record guitar can be difficult and confusing. But M-Audio has you covered with the new M-Track Solo and Duo interfaces. ","1251","7","from_wordpress_export"
"https://www.electrikjam.com/the-2021-esp-lineup-amazing-guitars-to-ring-in-the-new-year/","/the-2021-esp-lineup-amazing-guitars-to-ring-in-the-new-year/","post","200","The 2021 ESP Lineup: Amazing Guitars To Ring In The New Year","The 2021 ESP Lineup: Amazing Guitars To Ring In The New Year","https://www.electrikjam.com/the-2021-esp-lineup-amazing-guitars-to-ring-in-the-new-year/","ESP finally gives us a glimpse into their new guitar models going into 2021. So far, the 2021 ESP lineup looks awesome, and inspired.","1418","13","from_wordpress_export"
"https://www.electrikjam.com/new-yamaha-pacifica-612vii-models-high-end-on-a-budget/","/new-yamaha-pacifica-612vii-models-high-end-on-a-budget/","post","200","New Yamaha Pacifica 612VII Models: High End Beauties On A Budget!","New Yamaha Pacifica 612VII Models: High End Beauties On A Budget!","https://www.electrikjam.com/new-yamaha-pacifica-612vii-models-high-end-on-a-budget/","The Yamaha Pacifica is one of the best loved guitars for players on a budget, and beginners everywhere. The new Yamaha Pacifica 612VII Models take it up a notch!","914","8","from_wordpress_export"
"https://www.electrikjam.com/the-5-weirdest-guitar-pedals/","/the-5-weirdest-guitar-pedals/","post","200","The 5 Weirdest Guitar Pedals: From Uniquely Useful To Disturbingly Strange!","The 5 Weirdest Guitar Pedals: From Uniquely Useful To Disturbingly Strange!","https://www.electrikjam.com/the-5-weirdest-guitar-pedals/","sometimes a pedal comes out, and it makes us look at our whole approach to guitar in a different wayToday we check out the weirdest guitar pedals!","1577","7","from_wordpress_export"
"https://www.electrikjam.com/boss-gt1000-core-a-sneak-peek-at-the-powerful-mini-processor/","/boss-gt1000-core-a-sneak-peek-at-the-powerful-mini-processor/","post","200","BOSS GT1000 CORE: A Sneak Peek At The Powerful Mini Processor","BOSS GT1000 CORE: A Sneak Peek At The Powerful Mini Processor","https://www.electrikjam.com/boss-gt1000-core-a-sneak-peek-at-the-powerful-mini-processor/","The amazing new BOSS GT1000 Core is a tiny, redesigned version of the flagship model. The original is a powerhouse of multi-effects. So how does it stand up to it's bigger brother?","1600","10","from_wordpress_export"
"https://www.electrikjam.com/buzz-osbornes-guitar-rig-35-years-of-evolution/","/buzz-osbornes-guitar-rig-35-years-of-evolution/","post","200","Buzz Osborne's Guitar Rig: 35 Years Of Evolution, And Sublime Innovation","Buzz Osborne’s Guitar Rig: 35 Years Of Evolution, Insanity, And Sublime Innovation","https://www.electrikjam.com/buzz-osbornes-guitar-rig-35-years-of-evolution/","Buzz has always had an interesting approach to guitar, and today we take a look at almost 4 decades worth of insanity with Buzz Osborne's guitar rig.","2734","21","from_wordpress_export"
"https://www.electrikjam.com/ibanez-rg565-reinventing-a-classic-shredders-dream-guitar/","/ibanez-rg565-reinventing-a-classic-shredders-dream-guitar/","post","200","The New Ibanez RG565: Reinventing A Classic Shredder's Dream Guitar","The New Ibanez RG565: Reinventing A Classic Shredder’s Dream Guitar In 2020","https://www.electrikjam.com/ibanez-rg565-reinventing-a-classic-shredders-dream-guitar/","The Ibanez RG series is well-known in the Metal community for being a perfect option for shredders everywhere. But the new Ibanez RG565 puts a interesting spin on the beloved series.","1058","11","from_wordpress_export"
"https://www.electrikjam.com/boss-tone-bender-an-epic-collaboration-for-2020/","/boss-tone-bender-an-epic-collaboration-for-2020/","post","200","BOSS Tone Bender TB2W: An Epic 2020 Collaboration For Fuzzed-Out Doom!","BOSS Tone Bender TB2W: An Epic 2020 Collaboration For Fuzzed-Out Doom!","https://www.electrikjam.com/boss-tone-bender-an-epic-collaboration-for-2020/","BOSS Waza Craft has teamed up with Sola Sound to release a classic pedal that is being heralded as a masterpiece. The BOSS Tone Bender has a long history, and today we check it out!","1105","8","from_wordpress_export"
"https://www.electrikjam.com/the-epiphone-wilshire-a-forgotten-design-gets-a-new-chance/","/the-epiphone-wilshire-a-forgotten-design-gets-a-new-chance/","post","200","The Epiphone Wilshire: A Forgotten Design gets Re-released for 2020!","The Epiphone Wilshire: A Forgotten Design Gets Re-released for 2020!","https://www.electrikjam.com/the-epiphone-wilshire-a-forgotten-design-gets-a-new-chance/","Epiphone has been doing a stellar job of taking some of their older, forgotten models and revamping them for 2020. One of my favorites, the Epiphone Wilshire is getting the same treatment.","964","13","from_wordpress_export"
"https://www.electrikjam.com/catalinbread-sabbra-cadabra-new/","/catalinbread-sabbra-cadabra-new/","post","200","Catalinbread Sabbra Cadabra: A Deadly Special Edition Overdrive For 2020","Catalinbread Sabbra Cadabra: A Deadly Special Edition Overdrive For 2020","https://www.electrikjam.com/catalinbread-sabbra-cadabra-new/","Catalinbread has been teasing a new pedal for the past month on their Facebook page. Today we finally get to take a look the Tony Iommi inspired Catalinbread Sabbra Cadabra!","856","4","from_wordpress_export"
"https://www.electrikjam.com/carstens-grace-creating-a-masterpiece-amplifier-with-billy-corgan-for-2020/","/carstens-grace-creating-a-masterpiece-amplifier-with-billy-corgan-for-2020/","post","200","Carstens Grace: Creating A Masterpiece Amplifier With Billy Corgan in 2020","Carstens Grace: Creating A Modern Masterpiece With Billy Corgan in 2020","https://www.electrikjam.com/carstens-grace-creating-a-masterpiece-amplifier-with-billy-corgan-for-2020/"," Being a proud Chicago native, Billy Corgan has teamed up with Carstens Amplification for a high gain, single channel amp; The Carstens Grace.","808","8","from_wordpress_export"
"https://www.electrikjam.com/the-new-fender-triple-trouble-the-2020-telecaster-from-another-universe-is-far-from-traditional/","/the-new-fender-triple-trouble-the-2020-telecaster-from-another-universe-is-far-from-traditional/","post","200","The New Fender Triple Trouble: The 2020 Telecaster From Another Universe! ","The New Fender Triple Trouble: The 2020 Telecaster From Another Universe!","https://www.electrikjam.com/the-new-fender-triple-trouble-the-2020-telecaster-from-another-universe-is-far-from-traditional/","Fender launched their Parallel Universe Series a few years ago, and it has been hugely popular. The Fender Triple Trouble is the latest model to come through the portal!","985","10","from_wordpress_export"
"https://www.electrikjam.com/boss-hm2-pedal-finally-confirmed-new-for-2021/","/boss-hm2-pedal-finally-confirmed-new-for-2021/","post","200","BOSS HM2 Pedal Absolutely Confirmed for 2021: The Re-Issue We Deserve!","BOSS HM2 Pedal Confirmed for 2021: The Fantastic Re-Issue We Deserve!","https://www.electrikjam.com/boss-hm2-pedal-finally-confirmed-new-for-2021/","What a long and interesting story this guitar pedal has...it is almost, dare I say, a LEGEND. The Boss HM2 Pedal was recently teased, with no real release date. But That all changes today!","973","8","from_wordpress_export"
"https://www.electrikjam.com/best-lunchbox-amps/","/best-lunchbox-amps/","post","200","Best Lunchbox Amps: 7 Mini-Amps 100% PRIMED For Metal!","Best Lunchbox Amps: 7 Mini-Amps Primed For Metal!","https://www.electrikjam.com/best-lunchbox-amps/","It may seem like over the past decade or so, it has been all about Amp Sims/Modelers. Another trend popped up around the same time: Mini Lunchbox Amps!","2911","18","from_wordpress_export"
"https://www.electrikjam.com/fender-guitar-sales-in-2020-are-insane-more-people-playing-guitar-during-pandemic/","/fender-guitar-sales-in-2020-are-insane-more-people-playing-guitar-during-pandemic/","post","200","Fender Guitar Sales in 2020 are INSANE: More People Playing Guitar","Fender Guitar Sales in 2020 are INSANE: More People Playing Guitar During Pandemic","https://www.electrikjam.com/fender-guitar-sales-in-2020-are-insane-more-people-playing-guitar-during-pandemic/","Numerous lockdowns and mandates have changed the way we socialize. According to Fender Guitar sales it is also a great time to learn and play the guitar!","773","6","from_wordpress_export"
"https://www.electrikjam.com/new-solar-guitars-check-out-these-bolt-on-beauties/","/new-solar-guitars-check-out-these-bolt-on-beauties/","post","200","New Solar Guitars: Check Out These 2020 Bolt-On Beauties!","New Solar Guitars: Check Out These Bolt-On Beauties!","https://www.electrikjam.com/new-solar-guitars-check-out-these-bolt-on-beauties/","Solar is an often overlooked brand in the world of guitar. Solar have really come into their own over the years. Today we check out the new Solar Guitars!","1157","8","from_wordpress_export"
"https://www.electrikjam.com/new-epiphone-es-models-for-2020-inspired-by-gibson/","/new-epiphone-es-models-for-2020-inspired-by-gibson/","post","200","New Epiphone ES Models For 2020: ""Inspired By Gibson"" Line Expands!","New Epiphone ES Models For 2020: “Inspired By Gibson” Line Expands!","https://www.electrikjam.com/new-epiphone-es-models-for-2020-inspired-by-gibson/","This has been an crazy year for Epiphone. Today we take a look at the new Epiphone ES models that are part of the ""Inspired By Gibson"" lineup for 2020!","1376","14","from_wordpress_export"
"https://www.electrikjam.com/darkglass-element-review/","/darkglass-element-review/","post","200","Darkglass Element Review: A Pedal Unlike No Other...","Darkglass Element Review: AMAZING Tones From One Pedal…","https://www.electrikjam.com/darkglass-element-review/","Darkglass has been putting out some killer pedals this past year. While the Darkglass Element looks like just another pedal, I assure you it is not! ","1353","7","from_wordpress_export"
"https://www.electrikjam.com/mesa-boogie-badlander-a-new-metal-machine-for-2020/","/mesa-boogie-badlander-a-new-metal-machine-for-2020/","post","200","Mesa Boogie Badlander: A NEW Impressive Metal Machine in 2020","Mesa Boogie Badlander: A NEW Legendary Metal Machine For 2020","https://www.electrikjam.com/mesa-boogie-badlander-a-new-metal-machine-for-2020/","Mesa Boogie has ruled the Metal world with their Rectifier series for decades. But the future is finally here, The Mesa Boogie Badlander is new for 2020!","849","10","from_wordpress_export"
"https://www.electrikjam.com/guitar-center-bankruptcy-2020-restructuring-deals/","/guitar-center-bankruptcy-2020-restructuring-deals/","post","200","Guitar Center Bankruptcy: Restructuring Deals and The Future","Guitar Center Bankruptcy: 2020 Restructuring Indulgence and Future Gravity.","https://www.electrikjam.com/guitar-center-bankruptcy-2020-restructuring-deals/","
It was just about a month ago when we heard that Guitar Center would be filing for Chapter 11 Bankruptcy protection. There may be hope yet for the Guitar Center Bankruptcy.","898","3","from_wordpress_export"
"https://www.electrikjam.com/dumbest-guitar-gadgets/","/dumbest-guitar-gadgets/","post","200","The Dumbest Guitar Gadgets of ALL TIME...","The Dumbest Guitar Gadgets of ALL TIME","https://www.electrikjam.com/dumbest-guitar-gadgets/","Every year, something new comes out related to guitar that makes most of us shake our heads in shame. Today we look at the Dumbest Guitar Gadgets of 2020!","2071","10","from_wordpress_export"
"https://www.electrikjam.com/new-for-2020-epiphone-59-les-paul/","/new-for-2020-epiphone-59-les-paul/","post","200","Epiphone '59 Les Paul: A First Time CLASSIC Collaboration!","Epiphone ’59 Les Paul: An Amazing First Time Collaboration!","https://www.electrikjam.com/new-for-2020-epiphone-59-les-paul/","The most coveted of all Les Paul models is the 1959 Custom, and this year you can get the most affordable model ever, The Epiphone '59 Les Paul.","1225","20","from_wordpress_export"
"https://www.electrikjam.com/how-to-hold-an-electric-guitar-properly-guide/","/how-to-hold-an-electric-guitar-properly-guide/","post","200","How To Hold An Electric Guitar Properly: A Pro&#039;s #1 Tips","How To Hold An Electric Guitar Properly: A Pro’s #1 Tips","https://www.electrikjam.com/how-to-hold-an-electric-guitar-properly-guide/","Everyone has their own style, and that is completely okay! Let&#039;s take a look at the most widely-used methods of how to hold an electric guitar.","1480","14","from_wordpress_export"
"https://www.electrikjam.com/sinaro-interview-one-of-my-favorite-new-bands-in-2020/","/sinaro-interview-one-of-my-favorite-new-bands-in-2020/","post","200","SINARO Interview: One Of My Favorite New Metal Bands In 2020!","SINARO Interview: One Of My Favorite New Bands In 2020!","https://www.electrikjam.com/sinaro-interview-one-of-my-favorite-new-bands-in-2020/","We got to sit down with Gus Sinaro from the aptly named band SINARO over the weekend to talk about his love of all things Metal!","1256","10","from_wordpress_export"
"https://www.electrikjam.com/revv-generator-mk-iii-features-price-release-date/","/revv-generator-mk-iii-features-price-release-date/","post","200","The New REVV Generator MK III: Features, Price &amp; Release Date","The New REVV Generator MK III: Features, Price & Release Date Details…","https://www.electrikjam.com/revv-generator-mk-iii-features-price-release-date/","REVV keeps innovating with each new product they release, and the Generator 120 MK III is the newest addition to the already expansive 2020 lineup. ","1015","12","from_wordpress_export"
"https://www.electrikjam.com/epiphone-prophecy-2020-price-release-date-specs/","/epiphone-prophecy-2020-price-release-date-specs/","post","200","Epiphone Prophecy 2020 Lineup: New GORGEOUS Models For Metal!","Epiphone Prophecy 2020 Lineup: New GORGEOUS Models For Metal!","https://www.electrikjam.com/epiphone-prophecy-2020-price-release-date-specs/","Years ago, Epiphone launched the Prophecy Series as an alternative to their more classic styled models. So what about Epiphone Prophecy 2020 Lineup? ","2124","27","from_wordpress_export"
"https://www.electrikjam.com/how-to-record-electric-guitar-at-home-guide/","/how-to-record-electric-guitar-at-home-guide/","post","200","How To Record Electric Guitar At Home: In-Depth Guide For Beginners","How To Record Electric Guitar At Home: In-Depth Guide For Beginners","https://www.electrikjam.com/how-to-record-electric-guitar-at-home-guide/","You have your guitar and amp. You want to record. But where to start? In this guide, we'll show you EXACTLY how to record guitar at home","4283","21","from_wordpress_export"
"https://www.electrikjam.com/amazon-releases-their-own-branded-guitar-pedals-amazonbasics-2020-lineup/","/amazon-releases-their-own-branded-guitar-pedals-amazonbasics-2020-lineup/","post","200","Amazon Guitar Pedals!? Are They Legit? Let's Investigate...","Amazon Guitar Pedals!? Are They Legit? Let’s Investigate…","https://www.electrikjam.com/amazon-releases-their-own-branded-guitar-pedals-amazonbasics-2020-lineup/","As if 2020 could not possibly get any stranger, popular online retail giant Amazon has released their own line of guitar pedals. New for 2020.","1148","10","from_wordpress_export"
"https://www.electrikjam.com/best-guitar-pedals-for-doom-metal/","/best-guitar-pedals-for-doom-metal/","post","200","Best Guitar Pedals For Doom Metal: 5 Fuzz Goliaths!","Best Guitar Pedals For Doom Metal: 5 Fuzz Goliaths!","https://www.electrikjam.com/best-guitar-pedals-for-doom-metal/","Doom Metal is by far more reliant on pedals than most other genres, specifically Fuzz. Today we take a look at the best guitar pedals for doom metal!","1781","19","from_wordpress_export"
"https://www.electrikjam.com/best-guitar-pedals-for-metal-our-top-choices-for-2020/","/best-guitar-pedals-for-metal-our-top-choices-for-2020/","post","200","The Best Guitar Pedals For Metal: Our #1 Picks For 2020","The Best Guitar Pedals For Metal: Our #1 Picks For 2020","https://www.electrikjam.com/best-guitar-pedals-for-metal-our-top-choices-for-2020/","If you're trying to lock-in a killer tone for live performance & recording, you need a solid pedal setup. Here's our #1 picks for 2020's best pedals for metal","1820","24","from_wordpress_export"
"https://www.electrikjam.com/building-your-first-pedalboard-the-easy-step-by-step-guide/","/building-your-first-pedalboard-the-easy-step-by-step-guide/","post","200","Building Your First Pedalboard: The EASY Step By Step Guide ","Building Your First Pedalboard: The EASY Step By Step Guide","https://www.electrikjam.com/building-your-first-pedalboard-the-easy-step-by-step-guide/","Building a pedalboard can be exciting because it is the first step to creating your own unique sound and tones. ","2780","16","from_wordpress_export"
"https://www.electrikjam.com/schecter-e1-koa-review/","/schecter-e1-koa-review/","post","200","Schecter E1 Koa Review: A Limited Edition Metal Machine From 2019","Schecter E1 Koa Review: A Limited Edition Metal Machine","https://www.electrikjam.com/schecter-e1-koa-review/","It has been quite a few years since Schecter began making their E1 guitars. This one came out over the last year, and seemed to fly under the radar completely.","2989","33","from_wordpress_export"
"https://www.electrikjam.com/doom-metal-beginners-guide/","/doom-metal-beginners-guide/","post","200","Doom Metal: A Total Beginner’s Guide…","Doom Metal: A Total Beginner’s Guide…","https://www.electrikjam.com/doom-metal-beginners-guide/","Metal has many, many sub-genres and one of the best is doom metal. In this guide, we’ll explain what doom metal is, how it came to be, and why you should listen to it…","1573","17","from_wordpress_export"
"https://www.electrikjam.com/what-guitar-does-chino-moreno-play/","/what-guitar-does-chino-moreno-play/","post","200","What Guitar Does Chino Moreno Play? | ELECTRIKJAM","What Guitar Does Chino Moreno Play?","https://www.electrikjam.com/what-guitar-does-chino-moreno-play/","He wrote classic Deftones songs like Change (In The House of Flies) and Digital Bath, but what guitar does Chino Moreno play the most? Let's find out!","824","13","from_wordpress_export"
"https://www.electrikjam.com/best-electric-guitar-tuners/","/best-electric-guitar-tuners/","post","200","The 5 Best Electric Guitar Tuners: Beginner & Pro Options","The 5 Best Electric Guitar Tuners: The #1 Picks For Beginners & Pros","https://www.electrikjam.com/best-electric-guitar-tuners/","The best tuners for electric guitars, a list of featuring clip-on, pedal-board, and dedicated options for 2020. All killer. No filler. And simple to use and setup! ","857","15","from_wordpress_export"
"https://www.electrikjam.com/peavey-5150-vs-bugera-626/","/peavey-5150-vs-bugera-626/","post","200","Peavey 5150 Vs. Bugera 6262: A CONTROVERSIAL Showdown...","Peavey 5150 Vs. Bugera 6262: A CONTROVERSIAL Showdown…","https://www.electrikjam.com/peavey-5150-vs-bugera-626/","The Peavey 5150 or the Bugera 6262 -- that is the QUESTION. Join us for a detailed look at both, including ALL the PROS & CONS of each option...","2505","12","from_wordpress_export"
"https://www.electrikjam.com/evan-hope-interview-the-reddit-shredder/","/evan-hope-interview-the-reddit-shredder/","post","200","Evan Hope Interview: The Reddit Shredder","Evan Hope Interview: The Reddit Shredder That Has Everyone Talking!","https://www.electrikjam.com/evan-hope-interview-the-reddit-shredder/","We interview Evan Hope. AKA The Reddit Shredder. We talk gear, tricks and tips, and his musical influences","923","10","from_wordpress_export"
"https://www.electrikjam.com/how-many-frets-are-on-a-les-paul-epiphone/","/how-many-frets-are-on-a-les-paul-epiphone/","post","200","How Many Frets Are On A Les Paul Epiphone?","How Many Frets Are On A Les Paul Epiphone?","https://www.electrikjam.com/how-many-frets-are-on-a-les-paul-epiphone/","Frets and scale length make a big difference in your playing style. So how many frets are on a Les Paul Epiphone?","370","15","from_wordpress_export"
"https://www.electrikjam.com/learning-guitar-guide-what-to-expect/","/learning-guitar-guide-what-to-expect/","post","200","10 Things To Expect When You Start Learning Guitar...","10 Things To Expect When You Start Learning Guitar: A Letter To Myself","https://www.electrikjam.com/learning-guitar-guide-what-to-expect/","Learning guitar isn't easy and it is often frustrating. But there is a light at the end of the tunnel. Here's 10 things ALL new guitar players will experience...","2720","15","from_wordpress_export"
"https://www.electrikjam.com/tim-walls-interview-a-u-r-a-fest-creator-former-reflux-bassist/","/tim-walls-interview-a-u-r-a-fest-creator-former-reflux-bassist/","post","200","Tim Walls Interview: A.U.R.A Fest Creator &amp; Former Reflux Bassist","Tim Walls Interview: A.U.R.A Fest Creator & Former Reflux Bassist","https://www.electrikjam.com/tim-walls-interview-a-u-r-a-fest-creator-former-reflux-bassist/","We sit down to with Tim Walls, ex-REFLUX bassist and creator of the A.U.R.A music festival to talk influences, bass guitar, and Tosin Abasi... ","922","6","from_wordpress_export"
"https://www.electrikjam.com/how-do-i-set-my-intonation-guitar/","/how-do-i-set-my-intonation-guitar/","post","200","How To Set Guitar Intonation | The Ultimate Guide For Beginners","How To Set Guitar Intonation | The Ultimate Guide For Beginners","https://www.electrikjam.com/how-do-i-set-my-intonation-guitar/","In this guide, we&#039;ll show you EXACTLY how to set up your guitar&#039;s intonation for the first time. You&#039;ll learn how to do it, what tools you&#039;ll need, and MORE","985","8","from_wordpress_export"
"https://www.electrikjam.com/anatomy-of-the-electric-guitar-guide/","/anatomy-of-the-electric-guitar-guide/","post","200","The Anatomy of The Electric Guitar: All The Bits Explained…","The Anatomy of The Electric Guitar: All The Bits Explained…","https://www.electrikjam.com/anatomy-of-the-electric-guitar-guide/","The electric guitar has come a long way since the 50s, when it was invented. But the basic parts have always remained the same, no matter how many times the guitar's design has been changed. Today we take a look at how many different parts makeup what we know as the electric guitar. The Anatomy [&hellip;]","1816","14","from_wordpress_export"
"https://www.electrikjam.com/how-to-clean-your-guitar-like-a-pro-our-1-top-tips/","/how-to-clean-your-guitar-like-a-pro-our-1-top-tips/","post","200","How To Clean Your Guitar (Like a Pro): Our #1 Top Tips","How To Clean Your Guitar (Like a Pro): Our #1 Top Tips","https://www.electrikjam.com/how-to-clean-your-guitar-like-a-pro-our-1-top-tips/","Learn how to clean your guitar like a PRO. In this guide, we&#039;ll show you what products to use, how to tackle different wood-types, and how often to do it","2569","8","from_wordpress_export"
"https://www.electrikjam.com/mooer-ge150-vs-zoom-a1x/","/mooer-ge150-vs-zoom-a1x/","post","200","MOOER GE150 vs. Zoom A1X FOUR: Best Affordable Processor? ","MOOER GE150 vs. Zoom G1X FOUR: Affordable Processor THUNDERDOME!","https://www.electrikjam.com/mooer-ge150-vs-zoom-a1x/","Both come with multiple amps and effects. Both are priced under $150. But which is best? The MOOER GE150 or the Zoom A1X FOUR? Let's find out","3113","24","from_wordpress_export"
"https://www.electrikjam.com/who-invented-the-electric-guitar/","/who-invented-the-electric-guitar/","post","200","Who Invented The Electric Guitar? It's Kind of An Interesting Story...","Who Invented The Electric Guitar? An Exciting Look WAY BACK Into The Past…","https://www.electrikjam.com/who-invented-the-electric-guitar/","Who invented the electric guitar? The story, which takes place over 100 years, is way more interesting than you might imagine. It's TIME for some HISTORY","2710","22","from_wordpress_export"
"https://www.electrikjam.com/how-to-tune-a-guitar/","/how-to-tune-a-guitar/","post","200","How To Tune A Guitar (Like A Pro): The Basics Detailed...","How To Tune A Guitar (Like A Pro): The Basics ALL Beginners Need To Know…","https://www.electrikjam.com/how-to-tune-a-guitar/","In this guide, we'll show you EXACTLY how to tune a guitar like a PRO. We'll also explain how tuning machnes work and what type of tuner you should use...","1648","9","from_wordpress_export"
"https://www.electrikjam.com/cheap-guitar-with-floyd-rose-bridge/","/cheap-guitar-with-floyd-rose-bridge/","page","200","Cheap Guitar With Floyd Rose Bridge: The Jackson JS32 DKA Is the Answer","Cheap Guitar With Floyd Rose Bridge: The Jackson JS32 DKA Is the Answer","https://www.electrikjam.com/cheap-guitar-with-floyd-rose-bridge/","","0","0","from_wordpress_export"
"https://www.electrikjam.com/best-electric-guitars/baritone-guitar-for-dark-country-music/","/best-electric-guitars/baritone-guitar-for-dark-country-music/","page","200","Best Baritone Guitar For Dark Country Music: Budget &amp; Premium","Best Baritone Guitar For Dark Country Music: Budget & Premium","https://www.electrikjam.com/best-electric-guitars/baritone-guitar-for-dark-country-music/","A baritone guitar is the secret weapon for any dark country producer or songwriter looking to add weight to their arrangements without turning their mix into a muddy mess.","1624","19","from_wordpress_export"
"https://www.electrikjam.com/learn-music-mastering/","/learn-music-mastering/","page","200","Learn Music Mastering At Home With Only Free Tools","Learn Music Mastering At Home With Free Tools","https://www.electrikjam.com/learn-music-mastering/","Mastering is the final step of music production. The idea is to get the track louder and sounding as dynamic as possible. That way it's ready for streaming or pressing to CD, cassette—however you want to release your music.","728","8","from_wordpress_export"
"https://www.electrikjam.com/fender-electric-guitars/noiseless-pickups/","/fender-electric-guitars/noiseless-pickups/","page","200","Fender Noiseless Pickups 101: Are They Actually Any Good?","Fender Noiseless Pickups 101: Are They Actually Any Good?","https://www.electrikjam.com/fender-electric-guitars/noiseless-pickups/","I’ve owned Mexican Player Strats that absolutely ripped on stage, and I’ve had American Fenders that played like a dream. So what exactly is the difference? ","1511","25","from_wordpress_export"
"https://www.electrikjam.com/fender-electric-guitars/mexican-fender-vs-american-fender/","/fender-electric-guitars/mexican-fender-vs-american-fender/","page","200","Mexican Fender vs American Fender Guitars: What's The Difference? ","Mexican Fender vs American Fender Guitars: What’s The Difference?","https://www.electrikjam.com/fender-electric-guitars/mexican-fender-vs-american-fender/","I’ve owned Mexican Player Strats that absolutely ripped on stage, and I’ve had American Fenders that played like a dream. So what exactly is the difference? ","1409","28","from_wordpress_export"
"https://www.electrikjam.com/fender-electric-guitars/strat-hss-sss-noiseless-pickups/","/fender-electric-guitars/strat-hss-sss-noiseless-pickups/","page","200","Fender Strat Pickups: SSS vs HSS... Or Noiseless Pickups? ","Fender Strat Pickups: SSS vs HSS… Or Noiseless Pickups?","https://www.electrikjam.com/fender-electric-guitars/strat-hss-sss-noiseless-pickups/","If you’re looking to dive into heavier music styles with a Stratocaster, you’ve probably run into this choice: SSS or HSS? And maybe you've also seen Noiseless pickups in the mix and wondered if they’re worth it for heavier tones.","1659","8","from_wordpress_export"
"https://www.electrikjam.com/fender-electric-guitars/best-model-for-value-for-money/","/fender-electric-guitars/best-model-for-value-for-money/","page","200","Which Fender Is The Best Value For Money? My 2 Cents","Which Fender Is The Best Value For Money? My 2 Cents","https://www.electrikjam.com/fender-electric-guitars/best-model-for-value-for-money/","For years, the Mexican-made Fender Player series has been the reliable workhorse for serious guitarists. But with the launch of the new Fender Player II Stratocaster, the intermediate market has fundamentally changed.","624","4","from_wordpress_export"
"https://www.electrikjam.com/fender-electric-guitars/","/fender-electric-guitars/","page","200","Fender Guitars For Metal: The Ultimate Beginner's Guide","Fender","https://www.electrikjam.com/fender-electric-guitars/","Your ultimate guide to Fender guitars – from the Fender Stratocaster to the Telecaster, Jazz, and Mustang, as well as everything else in between. Here's all the latest Fender news, reviews, and user guides... ","2615","35","from_wordpress_export"
"https://www.electrikjam.com/fender-electric-guitars/fender-stratocaster-reviews/","/fender-electric-guitars/fender-stratocaster-reviews/","page","200","Fender Stratocaster Reviews (All Models & Variations)","Fender Stratocaster Reviews: Which Model Should You Get? My 2 Cents…","https://www.electrikjam.com/fender-electric-guitars/fender-stratocaster-reviews/","Fender makes A LOT of different Stratocaster which makes picking the right one tricky; there's just so many variables to consider. Here's all our Fender Stratocaster reviews in one place, covering off most of its latest models","1218","9","from_wordpress_export"
"https://www.electrikjam.com/best-new-metal-rock-vinyl-records/","/best-new-metal-rock-vinyl-records/","page","200","Best New Metal &amp; Rock Vinyl Records","New Metal & Rock Vinyl To Buy","https://www.electrikjam.com/best-new-metal-rock-vinyl-records/","Fresh pressings, killer riffs, and the kind of records that demand to be played loud—here’s the best new metal and rock vinyl worth spinning right now..","56","13","from_wordpress_export"
"https://www.electrikjam.com/best-electric-guitars/","/best-electric-guitars/","page","200","Best Electric Guitars (2025): Beginner, Intermediate &amp; Pro","Best Electric Guitars Guide","https://www.electrikjam.com/best-electric-guitars/","From the best value and most reliable beginner guitars right up to premium-grade, pro-level electric guitars, this is your ultimate guide to the best electric guitars you can buy right now whatever your budget...","9424","63","from_wordpress_export"
"https://www.electrikjam.com/best-electric-guitars/high-end-guitars-metal/","/best-electric-guitars/high-end-guitars-metal/","page","200","Best High-End Guitars For Metal","Best High-End Guitars For Metal","https://www.electrikjam.com/best-electric-guitars/high-end-guitars-metal/","These guitars are designed for working musicians and professional players who need more reliability and performance than entry and intermediate-level models can offer.","605","14","from_wordpress_export"
"https://www.electrikjam.com/best-electric-guitars/best-mid-range-electric-guitars/","/best-electric-guitars/best-mid-range-electric-guitars/","page","200","Best Intermediate Guitars For Metal: From $700 to $1000+","Best Mid-Range Electric Guitars For Metal","https://www.electrikjam.com/best-electric-guitars/best-mid-range-electric-guitars/","These guitars are designed for working musicians and intermediate players who need more reliability and performance than entry-level models can offer.","3639","33","from_wordpress_export"
"https://www.electrikjam.com/best-electric-guitars/best-budget-guitars/","/best-electric-guitars/best-budget-guitars/","page","200","Best Budget Electric Guitars For Metal: The 2024 Edition","Best Budget Electric Guitars For Metal: The 2024 Edition","https://www.electrikjam.com/best-electric-guitars/best-budget-guitars/","A good guitar doesn't have to be expensive. This is where we collate and collect all of our reviews on the best budget guitars you can buy right now – from Squire to Epiphone to Harley Benton and Indigo Guitars...","3088","25","from_wordpress_export"
"https://www.electrikjam.com/","/","page","200","ELECTRIKJAM | The Best Guitar Gear & How To Use It 🤘🏻","ELECTRIKJAM | The Best Guitar Gear & How To Use It 🤘🏻","https://www.electrikjam.com/","Since 2020, ELECTRIKJAM has millions of aspiring guitarists hone their craft. If you're new to guitar and music production, you'll find everything you need inside our guides","2528","104","from_wordpress_export"
"https://www.electrikjam.com/electrikjam-recommends-thank-you-page/","/electrikjam-recommends-thank-you-page/","page","200","New Music Every Week Newsletter Thank You Page","Album Recommendation Thank You Page","https://www.electrikjam.com/electrikjam-recommends-thank-you-page/","Get Ready To Listen To A LOT of Great, New Music When you have infinite options to choose from on streaming platforms, finding new artists and bands should be easier, right? Sadly, it ain’t – it’s like finding a needle in a haystack. ELECTRIKJAM’s weekly newsletter does three things: Simple, right? Get ready to hear some [&hellip;]","223","10","from_wordpress_export"
"https://www.electrikjam.com/circle-of-fifths-calculator-select-a-key-get-your-notes/","/circle-of-fifths-calculator-select-a-key-get-your-notes/","page","200","Circle of Fifths Calculator: Select A Key, Get Your Notes","Circle of Fifths Calculator: Select A Key, Get Your Notes","https://www.electrikjam.com/circle-of-fifths-calculator-select-a-key-get-your-notes/","","164","0","from_wordpress_export"
"https://www.electrikjam.com/guitar-modes-chart-tabs-pdf/","/guitar-modes-chart-tabs-pdf/","page","200","Guitar Modes Chart (With Tabs):  Ultimate Beginner's Guide","Guitar Modes Chart (With Tabs): The Ultimate Beginner’s Guide","https://www.electrikjam.com/guitar-modes-chart-tabs-pdf/","Here's all the guitar modes you'll ever need, complete with tabs so you can practice them right away, learn them, and incorporate them into your playing","1942","1","from_wordpress_export"
"https://www.electrikjam.com/electric-guitar-strings/","/electric-guitar-strings/","page","200","Electric Guitar Strings 101: The Complete Guide [2024]","Electric Guitar Strings 101: The Complete Guide","https://www.electrikjam.com/electric-guitar-strings/","Here's everything you need to know about choosing the best Electric Guitar Strings, which brands are best, and what type you should use based on your playing style","2175","10","from_wordpress_export"
"https://www.electrikjam.com/electric-guitar/new-guitar-setup-checklist/","/electric-guitar/new-guitar-setup-checklist/","page","200","New Guitar? Here's The ONLY Setup Checklist You'll Ever Need","New Guitar Setup Checklist","https://www.electrikjam.com/electric-guitar/new-guitar-setup-checklist/","Set up your new guitar like a pro with this easy, 50-step guide! From adjusting action to fine-tuning electronics, we cover all the must-do steps to get your guitar playing and sounding its best.","757","3","from_wordpress_export"
"https://www.electrikjam.com/the-octave-game/","/the-octave-game/","page","200","The Octave Game: Fretboard Fluency In 5 Minutes A Day!","The OCTAVE GAME","https://www.electrikjam.com/the-octave-game/","Learning the notes on the fretboard is usually a roadblock for most players. The Octave Game is something I have devised for students to learn the fretboard the easy way!","1526","3","from_wordpress_export"
"https://www.electrikjam.com/electric-guitar/electric-guitar-tonewoods/","/electric-guitar/electric-guitar-tonewoods/","page","200","Electric Guitar Tonewoods: What You Need To Know + ","Electric Guitar Tonewoods: The Definitive Guide","https://www.electrikjam.com/electric-guitar/electric-guitar-tonewoods/","Got wood? Is it the right wood, though? Here's everything you need to know about Electric Guitar Tonewoods and their effect on tone (and cost)...","1903","4","from_wordpress_export"
"https://www.electrikjam.com/electric-guitar/3-4-guitar/","/electric-guitar/3-4-guitar/","page","200","3/4 Guitar: The Ultimate Beginner's Guide","3/4 Guitar: The Ultimate Beginner’s Guide","https://www.electrikjam.com/electric-guitar/3-4-guitar/","3/4 electric guitars are a gem in the guitar world, offering versatility, comfort, and quality in a compact package. And, no, they're not just for kids and beginners either. ","1894","13","from_wordpress_export"
"https://www.electrikjam.com/electric-guitar/extended-range-guitars/","/electric-guitar/extended-range-guitars/","page","200","Extended Range Guitars: The Ultimate Beginner's Guide","Extended Range Guitars: 7, 8 Strings and Beyond","https://www.electrikjam.com/electric-guitar/extended-range-guitars/","Dive into the world of Extended Range Guitars, uncovering their history, benefits, popular types, tunings and which models are worth buying right now","2610","19","from_wordpress_export"
"https://www.electrikjam.com/electric-guitar/semi-hollow-body-guitars/","/electric-guitar/semi-hollow-body-guitars/","page","200","Semi-Hollow Body Guitars: Everything You Need To Know","Semi-Hollow Body Guitars: What They Are & Why They Matter","https://www.electrikjam.com/electric-guitar/semi-hollow-body-guitars/","Celebrated for their rich, warm tones and versatility, let’s dive into the distinct features that make semi-hollow body guitars a favorite among many musicians.","1631","18","from_wordpress_export"
"https://www.electrikjam.com/electric-guitar/solid-body-electric-guitars/","/electric-guitar/solid-body-electric-guitars/","page","200","Solid-Body Electric Guitars: The Definitive Guide","Solid-Body Electric Guitars: The Definitive Guide","https://www.electrikjam.com/electric-guitar/solid-body-electric-guitars/","Next to things like antibiotics and beer, solid-body electric guitars are perhaps one of humanity's greatest inventions. Here's everything you need to know...","2155","23","from_wordpress_export"
"https://www.electrikjam.com/electric-guitar/electric-guitar-types/","/electric-guitar/electric-guitar-types/","page","200","Electric Guitar Types: The Definitive Beginner's Guide ","Electric Guitar Types: The Definitive Beginner’s Guide","https://www.electrikjam.com/electric-guitar/electric-guitar-types/","The electric guitar. It comes in all shapes and sizes. For jazz, for metal, for classic music. There's plenty of electric guitar types out there. But which is best for you? Let's explore... ","2414","26","from_wordpress_export"
"https://www.electrikjam.com/electric-guitar/","/electric-guitar/","page","200","Electric Guitar: The Ultimate Beginner's Guide 2024","Electric Guitar: The Ultimate Beginner’s Guide","https://www.electrikjam.com/electric-guitar/","Here's literally everything you need to know about getting started with electric guitar, covering everything from how they work to the best brands and the different types available...","3071","19","from_wordpress_export"
"https://www.electrikjam.com/epiphone-guitars/","/epiphone-guitars/","page","200","Epiphone Guitars Latest News, Reviews &amp; Guides","Epiphone Guitars Latest News, Reviews & Guides","https://www.electrikjam.com/epiphone-guitars/","Here's all the latest Epiphone electric guitar news, covering new releases, signature models, reviews and more...","1797","36","from_wordpress_export"
"https://www.electrikjam.com/line-6/","/line-6/","page","200","Line 6 Latest News, Reviews &amp; Guides | ELECTRIKJAM","Line 6 Latest News, Reviews & Guides","https://www.electrikjam.com/line-6/","From their game-changing POD series to the professional-grade Helix processors, Line 6 has been at the forefront of digital modeling technology for over two decades","1093","22","from_wordpress_export"
"https://www.electrikjam.com/mastering-101-beginners-guide/","/mastering-101-beginners-guide/","page","200","Music Mastering 101: The Complete Beginner's Guide","Music Mastering 101: The Complete Beginner’s Guide","https://www.electrikjam.com/mastering-101-beginners-guide/","Take your mixes from bedroom-producer quality to the big leagues. no expensive tools. no ai. learn how to do it all with free software in this step-by-step guide","690","2","from_wordpress_export"
"https://www.electrikjam.com/music-theory-guitarists/","/music-theory-guitarists/","page","200","Music Theory 101 (For Guitarists): The Basics...","Music Theory 101 (For Guitarists): The Basics…","https://www.electrikjam.com/music-theory-guitarists/","If you want to learn the basics of music theory for guitar, I got you covered – these in-depth guides will 10x your composition and playing in no time…","1186","16","from_wordpress_export"
"https://www.electrikjam.com/mastering-101-course-discount/","/mastering-101-course-discount/","page","200","Mastering 101 Course Discount","Mastering 101 Course Discount","https://www.electrikjam.com/mastering-101-course-discount/","","0","0","from_wordpress_export"
"https://www.electrikjam.com/checkout-%f0%9f%a4%98/","/checkout-%f0%9f%a4%98/","page","200","Checkout 🤘","Checkout 🤘","https://www.electrikjam.com/checkout-%f0%9f%a4%98/","","0","0","from_wordpress_export"
"https://www.electrikjam.com/electrikjam-podcast/","/electrikjam-podcast/","page","200","The ELECTRIKJAM Podcast: Every Friday on All Platforms","The ELECTRIKJAM Podcast","https://www.electrikjam.com/electrikjam-podcast/","Guitars. Metal. News. Album discussions. Insights from decades of playing, recording, and touring. And special guests!? What more could you want – join Chris and Richard for a new episode every Friday","88","0","from_wordpress_export"
"https://www.electrikjam.com/mastering-101-your-pathway-to-professional-sounding-music/","/mastering-101-your-pathway-to-professional-sounding-music/","page","200","Mastering 101: Your Pathway to Professional-Sounding Music","Mastering 101: Your Pathway to Professional-Sounding Music","https://www.electrikjam.com/mastering-101-your-pathway-to-professional-sounding-music/","It is literally all you need to take your songs and albums from “demo-quality” to sounding like a major record label release. ","220","0","from_wordpress_export"
"https://www.electrikjam.com/guitar-chord-progression-generator-tool/","/guitar-chord-progression-generator-tool/","page","200","Guitar Chord Progression Generator Tool: Metal, Djent &amp; Ambient","Guitar Chord Progression Generator Tool","https://www.electrikjam.com/guitar-chord-progression-generator-tool/","You now why most beginner guitarists cannot write good songs? They don't know the basic chord progressions. This tool is about to change all that...","482","1","from_wordpress_export"
"https://www.electrikjam.com/work-with-electrikjam/","/work-with-electrikjam/","page","200","Work With ELECTRIKJAM","Work With ELECTRIKJAM","https://www.electrikjam.com/work-with-electrikjam/","ELECTRIKJAM is a leading online destination for guitarists, gear enthusiasts, and music producers. We offer a variety of exciting opportunities for brands and individuals to connect with our engaged and passionate global audience:","437","1","from_wordpress_export"
"https://www.electrikjam.com/loop-earplugs/","/loop-earplugs/","page","200","Loop Earplugs","Loop Earplugs","https://www.electrikjam.com/loop-earplugs/","Loop Earplugs offer a revolutionary solution specifically designed for musicians like you. And the best part? They're really affordable. Here's why you'll want a pair","827","1","from_wordpress_export"
"https://www.electrikjam.com/email-landing-page/","/email-landing-page/","page","200","Email Landing Page","Email Landing Page","https://www.electrikjam.com/email-landing-page/","","0","0","from_wordpress_export"
"https://www.electrikjam.com/fender-guitars/","/fender-guitars/","page","200","Fender Guitars: The Ultimate Beginner's Guide 2024","Fender Guitars: The Ultimate Beginner’s Guide 2024","https://www.electrikjam.com/fender-guitars/","Explore the world of Fender guitars with our comprehensive guide, covering popular models, buying tips, maintenance, customization, and community resources for guitar enthusiasts.","1432","44","from_wordpress_export"
"https://www.electrikjam.com/best-black-friday-guitar-deals/","/best-black-friday-guitar-deals/","page","200","Best Black Friday Guitar Deals – Save Up To 40% ","Best Black Friday Guitar Deals – Save Up To 40%","https://www.electrikjam.com/best-black-friday-guitar-deals/","It's that special time of year again: Black Friday. Save upwards of 40% on select Fender, PRS, Gibson, and Ibanez models...","1346","37","from_wordpress_export"
"https://www.electrikjam.com/choosing-your-first-electric-guitar/","/choosing-your-first-electric-guitar/","page","200","Choosing Your First Electric Guitar: A Beginner's Guide","Choosing Your First Electric Guitar: A Beginner’s Guide","https://www.electrikjam.com/choosing-your-first-electric-guitar/","For beginners, choosing the right type of electric guitar can be overwhelming, with so many brands, models, and features to consider. Where do you even begin? Don't worry – we got your back. In this guide, we'll cover everything you need to know about to make an informed purchase. From pickups to the different types of [&hellip;]","2095","15","from_wordpress_export"
"https://www.electrikjam.com/ibanez-guitars/","/ibanez-guitars/","page","200","Ibanez Guitars | ELECTRIKJAM","Ibanez Guitars: A Complete Beginner’s Guide (Models, Pricing & Spec)","https://www.electrikjam.com/ibanez-guitars/","This guide provides an overview of Ibanez's most popular guitar series in one easy to consume article, so if you're looking to learn more about Ibanez, you'll find everything you need below. ","4282","17","from_wordpress_export"
"https://www.electrikjam.com/sitemap-2/","/sitemap-2/","page","200","Sitemap","Sitemap","https://www.electrikjam.com/sitemap-2/","","297","78","from_wordpress_export"
"https://www.electrikjam.com/contact/","/contact/","page","200","CONTACT US %sep% %sitename%","Contact ELECTRIKJAM","https://www.electrikjam.com/contact/","This is the page where you can contact a member of the ELECTRIKJAM editorial team. If you have any questions about the site or would like your product featured and/or reviewed","282","1","from_wordpress_export"
"https://www.electrikjam.com/about-us/","/about-us/","page","200","About Us | ELECTRIKJAM","About Us","https://www.electrikjam.com/about-us/","Whether you’re looking for information on pedals, the latest amplifiers, or want to know what the best guitar for your budget is, ELECTRIKJAM has got your back.","1076","2","from_wordpress_export"
"https://www.electrikjam.com/search/","/search/","page","200","Search","Search","https://www.electrikjam.com/search/","Can't find what you're looking for? Use the search box below to scour THE ENTIRE site – it'll pull in everything we've published to date!","25","0","from_wordpress_export"
"https://www.electrikjam.com/archive/","/archive/","page","200","SITEMAP","SITEMAP","https://www.electrikjam.com/archive/","All the posts ever publishing on ELECTRIKJAM. Browse thousands of posts about guitars, covering the best guitar brands, tutorials, and the latest guitar and gear news","63","0","from_wordpress_export"
"https://www.electrikjam.com/schecter-guitars/","/schecter-guitars/","page","200","Latest Schecter Guitars News, Reviews &amp; Guides","Schecter Guitars","https://www.electrikjam.com/schecter-guitars/","All the latest Schecter guitars news, reviews, and guides in one place. If you're looking to buy a Schecter guitar, check out all the latest models, reviews, and news and updates below...","571","3","from_wordpress_export"
"https://www.electrikjam.com/gibson-guitars/","/gibson-guitars/","page","200","Gibson Guitars News, Reviews, Best Models &amp; Guides","Gibson Guitars","https://www.electrikjam.com/gibson-guitars/","The ultimate guide to Gibson guitars — from the Gibson Les Paul, SG, Explorer, and ES. We cover all of Gibson’s most iconic models, guitarists that used them, as well as all the latest news and reviews","944","20","from_wordpress_export"
"https://www.electrikjam.com/best-guitar-gear/","/best-guitar-gear/","page","200","Best Guitar Gear | Our #1 Picks For Guitars, Amps, Plugins &amp; More ","Best Guitar Gear: Our #1 “Most Recommended” Products Guide…","https://www.electrikjam.com/best-guitar-gear/","The best guitar gear and guitar accessories (including practice amps, DAW, and plugins) listed in one place after being tested and vetted by our team of veteran guitar geeks. ","1567","34","from_wordpress_export"
"https://www.electrikjam.com/my-account/","/my-account/","page","200","My account","My account","https://www.electrikjam.com/my-account/","","17","1","from_wordpress_export"
"https://www.electrikjam.com/sitemap/","/sitemap/","page","200","Sitemap","Sitemap","https://www.electrikjam.com/sitemap/","","0","0","from_wordpress_export"
"https://www.electrikjam.com/privacy-policy/","/privacy-policy/","page","200","Privacy Policy","Privacy Policy","https://www.electrikjam.com/privacy-policy/","Who we are Your privacy is important to us. It is NEW WORD ORDER's policy to respect your privacy regarding any information we may collect from you across our website, https://www.www.electrikjam.com, and other sites we own and operate. We only ask for personal information when we truly need it to provide a service to you. We [&hellip;]","949","1","from_wordpress_export"
"https://www.electrikjam.com/category/gear/accessories/","/category/gear/accessories/","category","200","Expert Guides &amp; Advice on Guitar Strings, Pedals &amp; Accessories","Accessories","https://www.electrikjam.com/category/gear/accessories/","Expert advice on the best electric guitar accessories on the market – from picks and plectrums, to strings,  and guitar maintenance products","22","0","from_wordpress_export"
"https://www.electrikjam.com/category/news/amp-sim-news/","/category/news/amp-sim-news/","category","200","Amp Sim News","Amp Sim News","https://www.electrikjam.com/category/news/amp-sim-news/","","0","0","from_wordpress_export"
"https://www.electrikjam.com/category/reviews/amp-sims-modelers/","/category/reviews/amp-sims-modelers/","category","200","Amp Sims","Amp Sims","https://www.electrikjam.com/category/reviews/amp-sims-modelers/","Virtual amps, real impressions. We test-drive the latest amp simulators to find out which ones truly deliver. Your digital tone journey starts here.","23","0","from_wordpress_export"
"https://www.electrikjam.com/category/tutorials/software/amp-sims/","/category/tutorials/software/amp-sims/","category","200","Amp Sims","Amp Sims","https://www.electrikjam.com/category/tutorials/software/amp-sims/","Silent practice, real tone. We delve into amp simulators that let you rock out without cranking up the volume. All the feel of a real amp, minus the noise complaints.","30","0","from_wordpress_export"
"https://www.electrikjam.com/category/tutorials/guitar-amplifiers/","/category/tutorials/guitar-amplifiers/","category","200","Amplifiers","Amplifiers","https://www.electrikjam.com/category/tutorials/guitar-amplifiers/","Turn up the heat on your tone. Dive deep into our amplifier guides—no nonsense, just pure insights and reviews to supercharge your sound. Your journey to louder, better, and bolder starts here.","32","0","from_wordpress_export"
"https://www.electrikjam.com/category/amps/","/category/amps/","category","200","Best Guitar Amp Guides, Reviews &amp; Tutorials For Beginners &amp; Pros ","Amps","https://www.electrikjam.com/category/amps/","Expert advice on the best guitar amps on the market, as well as ones under 100. We cover heads, amp plugins, amp modelling software &amp; more
","0","0","from_wordpress_export"
"https://www.electrikjam.com/category/reviews/guitar-amps/","/category/reviews/guitar-amps/","category","200","Amps","Amps","https://www.electrikjam.com/category/reviews/guitar-amps/","Feel the power. Our amplifier reviews bring you the lowdown on the newest and greatest, helping you find the perfect match for your sound.","24","0","from_wordpress_export"
"https://www.electrikjam.com/category/tutorials/artist-gear-guides/","/category/tutorials/artist-gear-guides/","category","200","Artist Gear Guides","Artist Gear Guides","https://www.electrikjam.com/category/tutorials/artist-gear-guides/","Unlock the secrets of the pros. We dissect the gear setups of legendary guitarists, giving you the insider scoop to replicate those iconic sounds. Ready to play like your heroes?","30","0","from_wordpress_export"
"https://www.electrikjam.com/category/blog/","/category/blog/","category","200","The Latest Guitar News, Metal Album Reviews & Interviews","Blog","https://www.electrikjam.com/category/blog/","All the latest guitar news, metal album reviews, interviews with bands, and updates on the latest gear – amps, effects processors, and new releases
","0","0","from_wordpress_export"
"https://www.electrikjam.com/category/music/classic-albums/","/category/music/classic-albums/","category","200","Classic Albums","Classic Albums","https://www.electrikjam.com/category/music/classic-albums/","","0","0","from_wordpress_export"
"https://www.electrikjam.com/category/daws/daw-accessories/","/category/daws/daw-accessories/","category","200","DAW Accessories","DAW Accessories","https://www.electrikjam.com/category/daws/daw-accessories/","","0","0","from_wordpress_export"
"https://www.electrikjam.com/category/daws/daw-platforms/","/category/daws/daw-platforms/","category","200","DAW Platforms","DAW Platforms","https://www.electrikjam.com/category/daws/daw-platforms/","","0","0","from_wordpress_export"
"https://www.electrikjam.com/category/daws/daw-tutorials/","/category/daws/daw-tutorials/","category","200","Daw Tutorials","Daw Tutorials","https://www.electrikjam.com/category/daws/daw-tutorials/","","0","0","from_wordpress_export"
"https://www.electrikjam.com/category/daws/","/category/daws/","category","200","DAWs","DAWs","https://www.electrikjam.com/category/daws/","","0","0","from_wordpress_export"
"https://www.electrikjam.com/category/news/deals/","/category/news/deals/","category","200","Deals","Deals","https://www.electrikjam.com/category/news/deals/","","0","0","from_wordpress_export"
"https://www.electrikjam.com/category/reviews/electric-guitars/","/category/reviews/electric-guitars/","category","200","Electric Guitars","Electric Guitars","https://www.electrikjam.com/category/reviews/electric-guitars/","Find your next 6, 7, 8, or 9 string soulmate. We put the latest electric guitars through their paces, so you know what’s hot and what’s not. Let’s get you plugged in.","32","0","from_wordpress_export"
"https://www.electrikjam.com/category/gear/guitars/epiphone/","/category/gear/guitars/epiphone/","category","200","Epiphone","Epiphone","https://www.electrikjam.com/category/gear/guitars/epiphone/","Classic vibes, modern playability. Explore Epiphone’s range of guitars that blend heritage with innovation. Your next favorite axe awaits.","19","0","from_wordpress_export"
"https://www.electrikjam.com/category/gear/guitars/esp/","/category/gear/guitars/esp/","category","200","ESP","ESP","https://www.electrikjam.com/category/gear/guitars/esp/","Precision for the passionate. Dive into ESP’s lineup, designed for players who demand performance. Unleash your potential with guitars built to excel.","22","0","from_wordpress_export"
"https://www.electrikjam.com/category/news/esp-news/","/category/news/esp-news/","category","200","ESP News","ESP News","https://www.electrikjam.com/category/news/esp-news/","","0","0","from_wordpress_export"
"https://www.electrikjam.com/category/gear/guitars/fender/","/category/gear/guitars/fender/","category","200","Fender","Fender","https://www.electrikjam.com/category/gear/guitars/fender/","Iconic sound, endless possibilities. Discover Fender’s latest offerings and timeless instruments that have shaped music history. It’s time to make your mark.","22","0","from_wordpress_export"
"https://www.electrikjam.com/category/news/fender-news/","/category/news/fender-news/","category","200","Fender News","Fender News","https://www.electrikjam.com/category/news/fender-news/","Stay in tune with Fender. We bring you the latest releases, updates, and innovations from this iconic brand. Don’t miss a beat in the Fender universe.","26","0","from_wordpress_export"
"https://www.electrikjam.com/category/gear/guitars/gibson/","/category/gear/guitars/gibson/","category","200","Gibson Guitars","Gibson Guitars","https://www.electrikjam.com/category/gear/guitars/gibson/","Where tradition meets tone. Explore Gibson’s legendary guitars, crafted for those who seek the authentic sound. Elevate your artistry with a true classic.","23","0","from_wordpress_export"
"https://www.electrikjam.com/category/reviews/guitar-accessories-gear/","/category/reviews/guitar-accessories-gear/","category","200","Guitar Accessories","Guitar Accessories","https://www.electrikjam.com/category/reviews/guitar-accessories-gear/","The little things that make a big difference. From straps to strings, our accessory reviews help you enhance every aspect of your playing experience.","24","0","from_wordpress_export"
"https://www.electrikjam.com/category/gear/","/category/gear/","category","200","Best Electric Guitar Gear Reviews: Pedals, Amps, Accessories & More","GUITAR GEAR","https://www.electrikjam.com/category/gear/","Read about the best new guitars, the latest amps, and the best accessories from the best brands – from Fender to Ibanez &amp; PositiveGrid &amp; More","27","0","from_wordpress_export"
"https://www.electrikjam.com/category/news/","/category/news/","category","200","Latest Guitar News &amp; Trending Headlines | ELECTRIKJAM","Guitar News","https://www.electrikjam.com/category/news/","All the latest guitar news with a focus on metal and big brands like Gibson, Epiphone, Ibanez and more. Plus news updates on the latest amps &amp; pedals
","46","0","from_wordpress_export"
"https://www.electrikjam.com/category/reviews/pickups/","/category/reviews/pickups/","category","200","Guitar Pickups","Guitar Pickups","https://www.electrikjam.com/category/reviews/pickups/","Transform your tone from the core. We evaluate the latest pickups, guiding you to the ones that resonate with your style. Hear the difference quality makes.","26","0","from_wordpress_export"
"https://www.electrikjam.com/category/gear/accessories/guitar-strings/","/category/gear/accessories/guitar-strings/","category","200","Guitar Strings","Guitar Strings","https://www.electrikjam.com/category/gear/accessories/guitar-strings/","","0","0","from_wordpress_export"
"https://www.electrikjam.com/category/tutorials/guitar-technique/","/category/tutorials/guitar-technique/","category","200","Guitar Technique","Guitar Technique","https://www.electrikjam.com/category/tutorials/guitar-technique/","Master the fretboard with finesse. From foundational skills to advanced shredding, we’re your go-to for leveling up your playing. Let’s make those fingers fly.","24","0","from_wordpress_export"
"https://www.electrikjam.com/category/tutorials/guitar-tunings/","/category/tutorials/guitar-tunings/","category","200","Guitar Tunings","Guitar Tunings","https://www.electrikjam.com/category/tutorials/guitar-tunings/","Tune in to new horizons. Explore our guides on alternate and standard tunings to expand your musical palette. It’s time to retune and redefine your sound.","26","0","from_wordpress_export"
"https://www.electrikjam.com/category/gear/guitars/","/category/gear/guitars/","category","200","Best Guitar Guides, Tips, &amp; Tutorials For Beginners &amp; Pros","Guitars","https://www.electrikjam.com/category/gear/guitars/","Whether you’re looking for the best guitar for a beginner, an 8-string guitar, or tips and tutorials on how to use them, ELECTRIKJAM has you 100% covered. 
","27","0","from_wordpress_export"
"https://www.electrikjam.com/category/gear/guitars/harley-benton/","/category/gear/guitars/harley-benton/","category","200","Harley Benton","Harley Benton","https://www.electrikjam.com/category/gear/guitars/harley-benton/","Quality meets affordability. Check out Harley Benton’s guitars that deliver serious bang for your buck. Because great gear shouldn’t cost a fortune.","22","0","from_wordpress_export"
"https://www.electrikjam.com/category/music-production/home-recording/","/category/music-production/home-recording/","category","200","Home Recording","Home Recording","https://www.electrikjam.com/category/music-production/home-recording/","","0","0","from_wordpress_export"
"https://www.electrikjam.com/category/gear/guitars/ibanez/","/category/gear/guitars/ibanez/","category","200","Ibanez","Ibanez","https://www.electrikjam.com/category/gear/guitars/ibanez/","Speed and style combined. We delve into Ibanez’s sleek designs and fast necks, perfect for players pushing the limits. Get ready to play without boundaries.","25","0","from_wordpress_export"
"https://www.electrikjam.com/category/news/epiphone-news/","/category/news/epiphone-news/","category","200","Latest Epiphone News","Latest Epiphone News","https://www.electrikjam.com/category/news/epiphone-news/","Catch the freshest updates from Epiphone. New models, artist collaborations, and more—delivered straight to you. Keep your finger on Epiphone’s pulse.","21","0","from_wordpress_export"
"https://www.electrikjam.com/category/news/gear-news/","/category/news/gear-news/","category","200","Latest Gear News","Latest Gear News","https://www.electrikjam.com/category/news/gear-news/","","0","0","from_wordpress_export"
"https://www.electrikjam.com/category/news/gibson-news/","/category/news/gibson-news/","category","200","Latest Gibson News","Latest Gibson News","https://www.electrikjam.com/category/news/gibson-news/","All things Gibson, all the time. From groundbreaking guitars to exclusive releases, we’ve got the news that keeps you connected to this legendary brand.","24","0","from_wordpress_export"
"https://www.electrikjam.com/category/news/harley-benton-news/","/category/news/harley-benton-news/","category","200","Latest Harley Benton News","Latest Harley Benton News","https://www.electrikjam.com/category/news/harley-benton-news/","Gear news that won’t break the bank. Stay updated on Harley Benton’s newest offerings, blending affordability with quality. Discover what’s new and noteworthy.","23","0","from_wordpress_export"
"https://www.electrikjam.com/category/news/ibanez-news/","/category/news/ibanez-news/","category","200","Latest Ibanez News","Latest Ibanez News","https://www.electrikjam.com/category/news/ibanez-news/","Shredder’s delight. Get the scoop on Ibanez’s latest guitars and gear, crafted for speed and precision. Elevate your playing with cutting-edge updates.","22","0","from_wordpress_export"
"https://www.electrikjam.com/category/news/jackson/","/category/news/jackson/","category","200","Latest Jackson News","Latest Jackson News","https://www.electrikjam.com/category/news/jackson/","","0","0","from_wordpress_export"
"https://www.electrikjam.com/category/news/prs-news/","/category/news/prs-news/","category","200","Latest PRS News","Latest PRS News","https://www.electrikjam.com/category/news/prs-news/","Elegance meets innovation. Stay informed about PRS’s newest creations, blending art and technology for the discerning guitarist. Experience the evolution.","20","0","from_wordpress_export"
"https://www.electrikjam.com/category/news/schecter-news/","/category/news/schecter-news/","category","200","Latest Schecter News","Latest Schecter News","https://www.electrikjam.com/category/news/schecter-news/","Discover the new dark side. Schecter’s latest news brings you guitars built for bold players. Stay ahead with updates from this trailblazing brand.","23","0","from_wordpress_export"
"https://www.electrikjam.com/category/news/squier-news/","/category/news/squier-news/","category","200","Latest Squier News","Latest Squier News","https://www.electrikjam.com/category/news/squier-news/","Affordable excellence alert. Keep up with Squier’s latest releases and see how they’re making waves in the guitar world without the hefty price tags.","24","0","from_wordpress_export"
"https://www.electrikjam.com/category/music-production/mastering/","/category/music-production/mastering/","category","200","Mastering","Mastering","https://www.electrikjam.com/category/music-production/mastering/","","0","0","from_wordpress_export"
"https://www.electrikjam.com/category/music/","/category/music/","category","200","Music","Music","https://www.electrikjam.com/category/music/","","0","0","from_wordpress_export"
"https://www.electrikjam.com/category/music-production/","/category/music-production/","category","200","Music Production","Music Production","https://www.electrikjam.com/category/music-production/","","0","0","from_wordpress_export"
"https://www.electrikjam.com/category/tutorials/music-theory/","/category/tutorials/music-theory/","category","200","Music Theory","Music Theory","https://www.electrikjam.com/category/tutorials/music-theory/","Crack the code of music’s language. We break down complex theory into easy-to-digest lessons. Unlock the knowledge to elevate every note you play.","23","0","from_wordpress_export"
"https://www.electrikjam.com/category/music/news-music/","/category/music/news-music/","category","200","News","News","https://www.electrikjam.com/category/music/news-music/","","0","0","from_wordpress_export"
"https://www.electrikjam.com/category/tutorials/pedal-effects-guides/","/category/tutorials/pedal-effects-guides/","category","200","Pedal & Effects Guides","Pedal & Effects Guides","https://www.electrikjam.com/category/tutorials/pedal-effects-guides/","Shape your soundscape. Our in-depth pedal and effects guides help you find the perfect tools to craft your unique tone. Step up and make some noise.","26","0","from_wordpress_export"
"https://www.electrikjam.com/category/gear/pedals/","/category/gear/pedals/","category","200","Best Guitar Pedals Guides &amp; Tutorials: Metal, Rock, Doom &amp; Sludge","Pedals","https://www.electrikjam.com/category/gear/pedals/","Looking for the best guitar pedal for metal, rock, or doom? Our expert team of players cover all the latest and best pedals for rock + tips and tutorials
","37","0","from_wordpress_export"
"https://www.electrikjam.com/category/reviews/pedals-effects/","/category/reviews/pedals-effects/","category","200","Pedals & Effects","Pedals & Effects","https://www.electrikjam.com/category/reviews/pedals-effects/","Step into sonic exploration. Our pedal reviews cover everything from classics to the cutting edge. Discover new dimensions in your sound.","21","0","from_wordpress_export"
"https://www.electrikjam.com/category/tutorials/pickups-electronics/","/category/tutorials/pickups-electronics/","category","200","Pickups & Electronics","Pickups & Electronics","https://www.electrikjam.com/category/tutorials/pickups-electronics/","Get electrified. Dive into the world of pickups and guitar electronics to discover how subtle tweaks can revolutionize your sound. Fine-tune your axe to perfection.","25","0","from_wordpress_export"
"https://www.electrikjam.com/category/gear/guitars/prs/","/category/gear/guitars/prs/","category","200","PRS","PRS","https://www.electrikjam.com/category/gear/guitars/prs/","Craftsmanship without compromise. Explore PRS guitars that offer exceptional build quality and tonal versatility. Find the guitar that resonates with you.","21","0","from_wordpress_export"
"https://www.electrikjam.com/category/music/recommended-bands/","/category/music/recommended-bands/","category","200","Recommended Bands","Recommended Bands","https://www.electrikjam.com/category/music/recommended-bands/","","0","0","from_wordpress_export"
"https://www.electrikjam.com/category/reviews/recording-gear/","/category/reviews/recording-gear/","category","200","Recording Gear","Recording Gear","https://www.electrikjam.com/category/reviews/recording-gear/","Bring studio quality home. We review the recording gear that helps you capture your music with pro-level clarity. Record, produce, and share your sound.","24","0","from_wordpress_export"
"https://www.electrikjam.com/category/reviews/","/category/reviews/","category","200","Electric Guitar Reviews & Gear Reviews: Gibson, Ibanez & More","Reviews","https://www.electrikjam.com/category/reviews/","Expert electric guitar reviews. From Gibson and Fender, to Epiphone and Gretsch. Plus 8-string and extended range guitars &amp; all the latest gear
","25","0","from_wordpress_export"
"https://www.electrikjam.com/category/gear/guitars/schecter/","/category/gear/guitars/schecter/","category","200","Schecter Guitar Research","Schecter Guitar Research","https://www.electrikjam.com/category/gear/guitars/schecter/","Innovation for the modern musician. Discover Schecter’s range of guitars built for versatility and power. Step up to instruments that inspire.","21","0","from_wordpress_export"
"https://www.electrikjam.com/category/tutorials/guitar-setup-maintenance/","/category/tutorials/guitar-setup-maintenance/","category","200","Setup & Maintenance","Setup & Maintenance","https://www.electrikjam.com/category/tutorials/guitar-setup-maintenance/","Keep your guitar in prime condition. Our expert tips on setup and maintenance ensure your instrument performs at its peak. Because great playability starts with great care.","27","0","from_wordpress_export"
"https://www.electrikjam.com/category/tutorials/software/","/category/tutorials/software/","category","200","Software & Apps","Software & Apps","https://www.electrikjam.com/category/tutorials/software/","","0","0","from_wordpress_export"
"https://www.electrikjam.com/category/gear/guitars/squier/","/category/gear/guitars/squier/","category","200","Squier","Squier","https://www.electrikjam.com/category/gear/guitars/squier/","Start strong with Squier. Offering Fender-designed instruments at accessible prices, it’s the perfect place for beginners and seasoned players alike to find their groove.","24","0","from_wordpress_export"
"https://www.electrikjam.com/category/tutorials/","/category/tutorials/","category","200","Electric Guitar & Gear Tutorials: Beginner Tips & Advice Written By Pros","Tutorials","https://www.electrikjam.com/category/tutorials/","Learn guitar from the PROS! Read tips and tutorials about setting up your guitar &amp; how to play, practice tips &amp; advice on how to use your gear properly 
","46","0","from_wordpress_export"
"https://www.electrikjam.com/tag/ableton-live/","/tag/ableton-live/","tag","200","Ableton Live","Ableton Live","https://www.electrikjam.com/tag/ableton-live/","","0","0","from_wordpress_export"
"https://www.electrikjam.com/tag/adam-jones/","/tag/adam-jones/","tag","200","Adam Jones Latest News, Gear Guides &amp; Bio %sep% %sitename%","Adam Jones","https://www.electrikjam.com/tag/adam-jones/","Adam Jones, born January 15, 1965, is a multifaceted American artist renowned as the lead guitarist for the progressive metal band Tool.","132","0","from_wordpress_export"
"https://www.electrikjam.com/tag/album-reviews/","/tag/album-reviews/","tag","200","Album Reviews","Album Reviews","https://www.electrikjam.com/tag/album-reviews/","","0","0","from_wordpress_export"
"https://www.electrikjam.com/tag/axe-fx/","/tag/axe-fx/","tag","200","Axe FX","Axe FX","https://www.electrikjam.com/tag/axe-fx/","","0","0","from_wordpress_export"
"https://www.electrikjam.com/tag/new-music/","/tag/new-music/","tag","200","Best New Music – Metal, Rock, Stoner, Slude &amp; Doom Reviews","Best New Music","https://www.electrikjam.com/tag/new-music/","All the best new music from all the best metal, sludge, rock, and doom bands in one place. Including new album updates, reviews, and new bands you should probably be listening to…","39","0","from_wordpress_export"
"https://www.electrikjam.com/tag/boss-katana/","/tag/boss-katana/","tag","200","Boss Katana","Boss Katana","https://www.electrikjam.com/tag/boss-katana/","","0","0","from_wordpress_export"
"https://www.electrikjam.com/tag/budget-guitars/","/tag/budget-guitars/","tag","200","Best Budget Guitars Guide: All The Best Guitar Brands Detailed","Budget Guitars","https://www.electrikjam.com/tag/budget-guitars/","A good guitar doesn’t have to be expensive. This is where we collate and collect all of our reviews of the best budget guitars you can buy right now – from Squire to Epiphone to Harley Benton and Indigo Guitars…","44","0","from_wordpress_export"
"https://www.electrikjam.com/tag/cubase/","/tag/cubase/","tag","200","Latest Cubase News &amp; Updates | ELECTRIKJAM","Cubase","https://www.electrikjam.com/tag/cubase/","Get the inside scoop on the latest Cubase news and updates, focusing on new versions, core updates, and more...","215","0","from_wordpress_export"
"https://www.electrikjam.com/tag/dave-grohl/","/tag/dave-grohl/","tag","200","Latest Dave Grohl News &amp; Updates %sep% %sitename%","Dave Grohl","https://www.electrikjam.com/tag/dave-grohl/","From Nirvana to The Foo Fighters, Dave Grohl is one of the most well known and most loved musicians on the planet. Here's all the latest Dave Grohl news and updates","96","0","from_wordpress_export"
"https://www.electrikjam.com/tag/david-ross-pedals/","/tag/david-ross-pedals/","tag","200","David Ross Pedals","David Ross Pedals","https://www.electrikjam.com/tag/david-ross-pedals/","","0","0","from_wordpress_export"
"https://www.electrikjam.com/tag/deftones/","/tag/deftones/","tag","200","Deftones","Deftones","https://www.electrikjam.com/tag/deftones/","","0","0","from_wordpress_export"
"https://www.electrikjam.com/tag/donald-trump/","/tag/donald-trump/","tag","200","Donald Trump","Donald Trump","https://www.electrikjam.com/tag/donald-trump/","","0","0","from_wordpress_export"
"https://www.electrikjam.com/tag/donner/","/tag/donner/","tag","200","Donner","Donner","https://www.electrikjam.com/tag/donner/","","0","0","from_wordpress_export"
"https://www.electrikjam.com/tag/donner-dst-600/","/tag/donner-dst-600/","tag","200","Donner DST-600","Donner DST-600","https://www.electrikjam.com/tag/donner-dst-600/","","0","0","from_wordpress_export"
"https://www.electrikjam.com/tag/donner-dst-700/","/tag/donner-dst-700/","tag","200","Donner DST-700","Donner DST-700","https://www.electrikjam.com/tag/donner-dst-700/","","0","0","from_wordpress_export"
"https://www.electrikjam.com/tag/electrical-guitar-company/","/tag/electrical-guitar-company/","tag","200","Electrical Guitar Company","Electrical Guitar Company","https://www.electrikjam.com/tag/electrical-guitar-company/","","0","0","from_wordpress_export"
"https://www.electrikjam.com/tag/epiphone/","/tag/epiphone/","tag","200","Latest Epiphone Guitars News, Reviews &amp; Guides + Best Models","Epiphone Guitars","https://www.electrikjam.com/tag/epiphone/","Your ultimate guide to Epiphone guitars. From the Epiphone Les Paul to the Epiphone SG and everything else in between. Get all the latest Epiphone news, reviews, tips, and tricks in one place…","41","0","from_wordpress_export"
"https://www.electrikjam.com/tag/esp-ltd-deluxe-ec-01ft/","/tag/esp-ltd-deluxe-ec-01ft/","tag","200","ESP LTD Deluxe EC-01FT","ESP LTD Deluxe EC-01FT","https://www.electrikjam.com/tag/esp-ltd-deluxe-ec-01ft/","","0","0","from_wordpress_export"
"https://www.electrikjam.com/tag/fender/","/tag/fender/","tag","200","Latest Fender News, Reviews &amp; Guides To The Best Models","Fender Guitars & Gear","https://www.electrikjam.com/tag/fender/","Your ultimate guide to Fender guitars – from the Fender Stratocaster to the Telecaster, Jaguar, and Mustang, as well as everything else in between. Here’s all the latest Fender news, reviews, and user guides…","246","0","from_wordpress_export"
"https://www.electrikjam.com/tag/fender-meteora/","/tag/fender-meteora/","tag","200","Fender Meteora","Fender Meteora","https://www.electrikjam.com/tag/fender-meteora/","","0","0","from_wordpress_export"
"https://www.electrikjam.com/tag/fender-stratocaster-model/","/tag/fender-stratocaster-model/","tag","200","Fender Stratocaster Model","Fender Stratocaster Model","https://www.electrikjam.com/tag/fender-stratocaster-model/","","0","0","from_wordpress_export"
"https://www.electrikjam.com/tag/fl-studio/","/tag/fl-studio/","tag","200","FL Studio","FL Studio","https://www.electrikjam.com/tag/fl-studio/","","0","0","from_wordpress_export"
"https://www.electrikjam.com/tag/frfr-speakers/","/tag/frfr-speakers/","tag","200","FRFR Speakers","FRFR Speakers","https://www.electrikjam.com/tag/frfr-speakers/","","0","0","from_wordpress_export"
"https://www.electrikjam.com/tag/gibson/","/tag/gibson/","tag","200","Latest Gibson Guitar News, Reviews &amp; Best New Models","Gibson Guitars","https://www.electrikjam.com/tag/gibson/","The ultimate guide to Gibson guitars — from the Gibson Les Paul, SG, Explorer, and ES. We cover all of Gibson’s most iconic models, guitarists that used them, as well as all the latest news and reviews","243","0","from_wordpress_export"
"https://www.electrikjam.com/tag/gigging-on-a-budget/","/tag/gigging-on-a-budget/","tag","200","Gigging On A Budget","Gigging On A Budget","https://www.electrikjam.com/tag/gigging-on-a-budget/","","0","0","from_wordpress_export"
"https://www.electrikjam.com/tag/guitar-amps/","/tag/guitar-amps/","tag","200","Guitar Amps","Guitar Amps","https://www.electrikjam.com/tag/guitar-amps/","","0","0","from_wordpress_export"
"https://www.electrikjam.com/tag/guitar-tuning/","/tag/guitar-tuning/","tag","200","Guitar Tuning Guide: Alternative Tunings, Drop Tunings &amp; More ","Guitar Tuning","https://www.electrikjam.com/tag/guitar-tuning/","Everything you need to know about guitar tuning – from drop tuning to standard tuning, as well as D Standard, half a step down, drop C, and everything else in between, including tuners and string choice…","196","0","from_wordpress_export"
"https://www.electrikjam.com/tag/harley-benton/","/tag/harley-benton/","tag","200","Harley Benton","Harley Benton","https://www.electrikjam.com/tag/harley-benton/","","0","0","from_wordpress_export"
"https://www.electrikjam.com/tag/ibanez/","/tag/ibanez/","tag","200","Ibanez","Ibanez","https://www.electrikjam.com/tag/ibanez/","","0","0","from_wordpress_export"
"https://www.electrikjam.com/tag/jack-white/","/tag/jack-white/","tag","200","Jack White","Jack White","https://www.electrikjam.com/tag/jack-white/","","0","0","from_wordpress_export"
"https://www.electrikjam.com/tag/jimi-hendrix/","/tag/jimi-hendrix/","tag","200","Jimi Hendrix","Jimi Hendrix","https://www.electrikjam.com/tag/jimi-hendrix/","","0","0","from_wordpress_export"
"https://www.electrikjam.com/tag/jimmy-page/","/tag/jimmy-page/","tag","200","Jimmy Page","Jimmy Page","https://www.electrikjam.com/tag/jimmy-page/","","0","0","from_wordpress_export"
"https://www.electrikjam.com/tag/josh-homme/","/tag/josh-homme/","tag","200","Josh Homme","Josh Homme","https://www.electrikjam.com/tag/josh-homme/","","0","0","from_wordpress_export"
"https://www.electrikjam.com/tag/kerry-king/","/tag/kerry-king/","tag","200","Kerry King","Kerry King","https://www.electrikjam.com/tag/kerry-king/","","0","0","from_wordpress_export"
"https://www.electrikjam.com/tag/line-6/","/tag/line-6/","tag","200","Latest Line 6 News, Reviews &amp; Guides To The Best Products","Line 6","https://www.electrikjam.com/tag/line-6/","All the best and latest Line 6 news, reviews, and tutorials – from the Line 6 Helix to the Line 6 Stomp and Pod Go, as well as its Smart Amps","38","0","from_wordpress_export"
"https://www.electrikjam.com/tag/line-6-catalyst/","/tag/line-6-catalyst/","tag","200","Line 6 Catalyst","Line 6 Catalyst","https://www.electrikjam.com/tag/line-6-catalyst/","","0","0","from_wordpress_export"
"https://www.electrikjam.com/tag/logic-pro/","/tag/logic-pro/","tag","200","Logic Pro","Logic Pro","https://www.electrikjam.com/tag/logic-pro/","","0","0","from_wordpress_export"
"https://www.electrikjam.com/tag/mastodon/","/tag/mastodon/","tag","200","Mastodon","Mastodon","https://www.electrikjam.com/tag/mastodon/","","0","0","from_wordpress_export"
"https://www.electrikjam.com/tag/melvins/","/tag/melvins/","tag","200","Melvins","Melvins","https://www.electrikjam.com/tag/melvins/","","0","0","from_wordpress_export"
"https://www.electrikjam.com/tag/music-mastering/","/tag/music-mastering/","tag","200","Music Mastering","Music Mastering","https://www.electrikjam.com/tag/music-mastering/","","0","0","from_wordpress_export"
"https://www.electrikjam.com/tag/music-theory/","/tag/music-theory/","tag","200","Learn Music Theory For Guitar – Tips, Tricks &amp; Guides","Music Theory","https://www.electrikjam.com/tag/music-theory/","Learning music theory on guitar doesn’t have to be hard. We have guides to the fretboard, chord progressions, scales, and song composition. All a beginner needs to start writing their own music…","210","0","from_wordpress_export"
"https://www.electrikjam.com/tag/neural-dsp/","/tag/neural-dsp/","tag","200","Neural DSP","Neural DSP","https://www.electrikjam.com/tag/neural-dsp/","","0","0","from_wordpress_export"
"https://www.electrikjam.com/tag/opeth/","/tag/opeth/","tag","200","Opeth","Opeth","https://www.electrikjam.com/tag/opeth/","","0","0","from_wordpress_export"
"https://www.electrikjam.com/tag/popular/","/tag/popular/","tag","200","Popular","Popular","https://www.electrikjam.com/tag/popular/","","0","0","from_wordpress_export"
"https://www.electrikjam.com/tag/positive-grid/","/tag/positive-grid/","tag","200","Positive Grid","Positive Grid","https://www.electrikjam.com/tag/positive-grid/","","0","0","from_wordpress_export"
"https://www.electrikjam.com/tag/pro-tools/","/tag/pro-tools/","tag","200","Pro Tools","Pro Tools","https://www.electrikjam.com/tag/pro-tools/","","0","0","from_wordpress_export"
"https://www.electrikjam.com/tag/prs/","/tag/prs/","tag","200","PRS","PRS","https://www.electrikjam.com/tag/prs/","","0","0","from_wordpress_export"
"https://www.electrikjam.com/tag/schecter/","/tag/schecter/","tag","200","Latest Schecter Guitars News, Reviews &amp; Guides + Best Models","Schecter Guitars","https://www.electrikjam.com/tag/schecter/","All the latest Schecter guitars news, reviews, and guides in one place. If you’re looking to buy a Schecter guitar, check out all the latest models, reviews, and news and updates below…","197","0","from_wordpress_export"
"https://www.electrikjam.com/tag/seymour-duncan/","/tag/seymour-duncan/","tag","200","Latest Seymour Duncan News, Reviews &amp; Best Pickups To Buy","Seymour Duncan","https://www.electrikjam.com/tag/seymour-duncan/","All the latest Seymour Duncan news, including new pickup ranges, guides to the best models, who uses Seymour Duncan pickups and how to instal them in your guitar","48","0","from_wordpress_export"
"https://www.electrikjam.com/tag/slayer/","/tag/slayer/","tag","200","Slayer","Slayer","https://www.electrikjam.com/tag/slayer/","","0","0","from_wordpress_export"
"https://www.electrikjam.com/tag/spark-amp/","/tag/spark-amp/","tag","200","Spark Amp","Spark Amp","https://www.electrikjam.com/tag/spark-amp/","","0","0","from_wordpress_export"
"https://www.electrikjam.com/tag/squier/","/tag/squier/","tag","200","Squier","Squier","https://www.electrikjam.com/tag/squier/","","0","0","from_wordpress_export"
"https://www.electrikjam.com/tag/strings/","/tag/strings/","tag","200","Strings","Strings","https://www.electrikjam.com/tag/strings/","","0","0","from_wordpress_export"
"https://www.electrikjam.com/tag/studio-one/","/tag/studio-one/","tag","200","Studio One","Studio One","https://www.electrikjam.com/tag/studio-one/","","0","0","from_wordpress_export"
"https://www.electrikjam.com/tag/synyster-gates/","/tag/synyster-gates/","tag","200","Synyster Gates","Synyster Gates","https://www.electrikjam.com/tag/synyster-gates/","","0","0","from_wordpress_export"
"https://www.electrikjam.com/tag/the-beatles/","/tag/the-beatles/","tag","200","The Beatles","The Beatles","https://www.electrikjam.com/tag/the-beatles/","","0","0","from_wordpress_export"
"https://www.electrikjam.com/tag/them-crooked-vultures/","/tag/them-crooked-vultures/","tag","200","Them Crooked Vultures","Them Crooked Vultures","https://www.electrikjam.com/tag/them-crooked-vultures/","","0","0","from_wordpress_export"
"https://www.electrikjam.com/tag/underexposed/","/tag/underexposed/","tag","200","Underground Metal Music – Unsigned Artists | ELECTRIKJAM","Underexposed","https://www.electrikjam.com/tag/underexposed/","If you want to check out some of the best unsigned metal bands right now, you'll find them all inside ELECTRIKJAM's Underexposed","54","0","from_wordpress_export"
